Region/Country code,Region/Country name,Local authority code ,Local authority name,1995,1996,1997,1998,1999,2000,2001,2002,2003,2004,2005,2006,2007,2008,2009,2010,2011,2012,2013,2014,2015,2016,2017,2018,2019,2020,2021
E12000001,North East,E06000001,Hartlepool,"36,500",38750,41419.25,43175,45925,47750,46725,51737,55093.25,54800,60125,84000,98750,109868.75,102125,110250,106868.75,102875,114187,116987.5,123781.25,120675,122787.5,124500,127850,129243.75,129666.6667
E12000001,North East,E06000002,Middlesbrough,"40,000",42375,44375,43128.25,45087.5,45125,44500,47145.75,45750,60112.5,75875,96544.25,105500,102499.75,106500,107937.5,103625,104138.25,107000,118250,125425,129750,128000,130500,134355,134243.75,133166.6667
E12000001,North East,E06000003,Redcar and Cleveland,"43,000",43390.75,44498.75,45737.5,45443.75,48500,51393.25,55787.5,66975,83625,99375,112375,122125,120125,116237.5,119305.75,112500,114004.25,116687.5,121600,125623.75,129248.75,130000,131750,130748.75,133618.25,140000
E12000001,North East,E06000004,Stockton-on-Tees,"45,250",46987.5,49350,49736.25,52093.75,54812.5,57861.25,64000,77625,97375,114000,122196.25,131490.75,132075.25,128187.5,129687.5,125499.5,124987.5,127685,131987.5,134625,135625,142112.5,145000,147612.5,150612.5,153375
E12000001,North East,E06000005,Darlington,"44,000",43612.5,46537.5,49855.75,50156.25,51691.5,54748.75,58237.5,68748.75,92500,110237.5,113372.5,119374.5,123737.5,121187,125000,122487.5,120250,119480.75,123487.5,130500,133187.5,135661.25,139498.75,141736.25,145687.5,149316.6667
E12000001,North East,E06000047,County Durham,"39,000",39862.5,41625,43000,45250,47750,47375,50112.5,58687.5,76987.5,93017.5,103498.75,107623.75,108487.5,104250,108997.5,102111.25,100000,104487.5,108500,110000,110743.75,114050,116248.75,119875,120625,124333.3333
E12000001,North East,E06000057,Northumberland,"47,500",48218.75,51925,53625,56862.5,59637.5,61487.5,68362.5,82212.5,103375,120000,129468.75,137987.5,142000,137125,143237.5,139256.5,136000,137937.5,144612.5,153062.5,156375,159987.5,163112.5,168249.5,169362.5,183133.3333
E12000001,North East,E08000021,Newcastle upon Tyne,"45,500",46500,48500,51531.25,55200,58625,62000,73375,93000,121781.25,127375,137000,143787,143749.5,137875,139125,136237.5,131750,136125,140750,147552.5,154875,156806.25,159123.75,162997.75,165500,183000
E12000001,North East,E08000022,North Tyneside,"45,859",45987.5,49525,52483.25,54737.5,55987.5,56997.5,61000,79000,105181.25,120562.5,125500,131362.5,131062.5,130000,138987.5,134891.75,132750,136778.75,142375,152625,154375,164000,168850,171750,172125,178666.6667
E12000001,North East,E08000023,South Tyneside,"40,000",41625,44306.25,44950,46475,47650,48612.5,50618.75,61775,82987.5,95762.5,105000,114875,114498.75,112237.5,116312.5,111430.75,104750,112916.5,119735,129128.5,130962.5,133125,136249.5,135875,136500,145000
E12000001,North East,E08000024,Sunderland,"38,500",39612.5,43237.5,44862.5,45875,47350,46500,54850,65768.75,84468.75,97123.75,104811.25,111250,112102.75,106687.5,108181.25,107750,106975.5,110750,114625,118750,120000,123748.75,126875,129902.75,126625,131333.3333
E12000001,North East,E08000037,Gateshead,"40,000",40350,42000,43650,45000,46087.5,50743.75,58987.5,72125,91112.5,103112.5,113250,117873.75,119237.5,119015.75,120000,118112.5,116625,123417.5,124725,128743.75,129375,130125,136487.5,139112.5,141162.5,148666.6667
E12000002,North West,E06000006,Halton,"44,500",44000,48000,48375,49012.5,53381.25,54737.5,59987.5,75937.5,92125,109987.5,114750,116625,118375,116250,121987.5,114562,114550,119750,124611.25,125750,132300,137375,139737.5,146000,150875,161658.3333
E12000002,North West,E06000007,Warrington,"54,000",53681.25,55975,58625,59925,64962.5,73206.25,84206.25,102487.5,125425,139487.5,140000,149987.5,147736.25,141000,148250,148749.5,148248.75,150000,155375,162237.5,166986.25,175681.25,181125,188750,198737.5,221833.3333
E12000002,North West,E06000008,Blackburn with Darwen,"34,000",33361.25,33550,34487.5,37987.5,40050,39918.75,42625,48737.5,63250,76493.75,85737.5,95750,103250,100062.5,96612.5,93125,96750,97224.5,100048.75,103500,102250,108218.75,118375,121250,123875,131333.3333
E12000002,North West,E06000009,Blackpool,"40,000",39987.5,40612.5,42625,43925,45625,47875,53737.5,65962.5,84750,101500,112250,117187.5,117000,104375,105000,100000,95466.25,93375,98750,100750,104625,110812.5,111500,112625,118019,120833.3333
E12000002,North West,E06000049,Cheshire East,"59,950",59850,64781.25,68487.5,71750,77743.25,85125,98237.5,121862.5,142725,156987.5,161062.5,169987.5,173500,162250,172493.25,172181.25,170875,173000,182125,189805.75,200493.25,213750,230623.75,237498.75,241123.75,264500
E12000002,North West,E06000050,Cheshire West and Chester,"56,973",56987.5,58993.75,61278.25,66248.75,73493.75,80750,90487.5,107987.5,133750,148781.25,153625,160487.5,164000,156625,161125,157749.5,158887.5,162750,168750,180490.5,184500,195498.75,198473.75,199997,210498.75,228333.3333
E12000002,North West,E07000026,Allerdale,"46,625",45737.5,47531.25,49212.5,52048.75,54500,59112.5,63000,73312.5,90500,108000,125875,140125,139373.75,134750,139562.5,135250,134750,142125,147125,146625,143862.5,153880,162612.5,164987.5,165375,176000
E12000002,North West,E07000027,Barrow-in-Furness,"31,500",30143.75,32325,34625,34918.75,35500,37362.5,40737.5,46168.75,55625,70250,80975,90731.25,99112.5,95237.5,101000,96933.75,94750,98493.75,101300,110000,112812.5,118868.75,123000,126062.5,127375,137000
E12000002,North West,E07000028,Carlisle,"44,000",44411.75,45323.75,46875,47500,51237.5,51237.5,56612.5,69375,89375,104050,116470,123374.75,125237.5,120223.75,122393.75,120750,122000,123425,124987.5,126250,131487.5,134306.25,139625,143950,146248.75,151333.3333
E12000002,North West,E07000029,Copeland,"39,475",38725,39712.5,40125,42612.5,42500,44122.5,45093.75,50750,67561.25,84750,95750,105493.75,111493.75,108412.5,116743.75,115361.25,110500,114750,115812,118625,122437,125267.5,124625,124500,130000,133325
E12000002,North West,E07000030,Eden,"53,000",53287.5,56250,61487.5,64437.5,68625,75656.25,85250,112687.5,149312.5,168250,175987.5,181500,190993.75,173375,177000,175750,166718.75,171100,173375,183812.5,183562.5,184262.5,200118.75,208750,207117.5,227415
E12000002,North West,E07000031,South Lakeland,"59,500",59875,61662.5,65912.5,71406.25,76156.25,84987.5,100498.75,127462.5,158375,177237.5,185243.75,198292.5,211687.5,196500,197562.5,198500,191968.75,190737.5,200518.75,208094.25,217624.75,222487.5,227487.5,234993.75,248112.5,265000
E12000002,North West,E07000117,Burnley,"31,500",30250,31937.5,35781.25,36937.5,36267.25,34362.5,31118.75,29975,36550,44918.75,61237.5,74625,81260.75,75737.5,74968.75,74375,75625,75000,80748.75,80875,83750,87937,90500,92375,98425,104666
E12000002,North West,E07000118,Chorley,"46,000",47362.5,50712.5,54125,56612.5,59875,62000,73812.5,90675,114612.5,129500,131062.5,137468.75,140643.75,140124,147248.75,149118.25,148548.75,149622.5,150873.75,159830.75,162362.5,171250,166625,170500,175687.5,187583.3333
E12000002,North West,E07000119,Fylde,"53,450",55056.25,58998.75,59987.25,63737.5,69175,75193.75,85062.5,110862.5,138750,158243.75,167125,176625,177762.5,167124.75,170112.5,162275,156500,163687.5,167812.5,179987.5,188905,198050,194249.5,196618.75,207250,224249.3333
E12000002,North West,E07000120,Hyndburn,"31,500",30618.75,32862.5,32375,34875,36000,36300,38050,39100,51218.75,67500,79112.5,88862.5,94500,85812.5,84562.5,85750,86375,87875,87125,89999.5,98500,100750,100275,103248.75,109875,110998.3333
E12000002,North West,E07000121,Lancaster,"45,250",44750,44862.5,46862.5,48043.75,51625,54000,60250,76362.5,98418.75,116225,122112.5,130500,133987.5,125500,131498.75,126875,126625,130625,135375,141125,149875,152500,151843.75,155000,162287.5,177416.6667
E12000002,North West,E07000122,Pendle,"30,000",29625,31000,33612.5,32681.25,35750,35893.75,36250,39000,49912.5,58862.5,74750,88750,94085.5,88375,84112.5,84487.5,82500,85125,89250,91500,94187.5,101875,106243.75,108000,115481.25,127650
E12000002,North West,E07000123,Preston,"45,000",45316.25,47662.5,49737.5,49362.5,49377.75,53362.5,57987.5,67331.25,89125,111372.25,118280,124750,123750,121966,122600,114062.5,122250,122250,124750,124187.5,130262.5,137123.75,143750,145500,149275,153500
E12000002,North West,E07000124,Ribble Valley,"57,000",57924.5,59537.5,61212.5,65587.5,69418.75,75250,86281.25,110000,150756.25,164962.5,170737.5,182500,188237.5,169625,169687.5,182186.25,179531.25,180750,189742.5,197187.5,207061.25,215987,215625,228373.25,235250,243333.3333
E12000002,North West,E07000125,Rossendale,"38,000",36750,37362.5,43000,43550,43500,44875,48487.5,61037.5,81175,96087.5,104000,111875,114625,110625,111875,110743.75,109687.5,109099.5,117000,124212.5,124125,130755,129875,135000,143437.5,164316.6667
E12000002,North West,E07000126,South Ribble,"49,000",49687.5,51362.5,53421.25,55862.5,58112.5,62597.5,72362.5,89525,118106.25,131112.5,134450,143625,145212.5,136687.5,141862.5,141125,137737.5,138000,148748.75,151000,153998.75,155373.75,163500,164500,170123.75,179407.6667
E12000002,North West,E07000127,West Lancashire,"54,000",54250,57462.5,59975,65687.5,67987.5,74000,83112.5,99774.5,127198.75,139372.5,145999.25,155750,158750,154987.5,162500,155125,158375,163312.5,163625,168367.75,177248.75,180250,186243.75,191123.75,189561.25,209333.3333
E12000002,North West,E07000128,Wyre,"51,000",49987.5,52487.5,53750,56125,59237.5,63687.5,72612.5,90575,115823.5,132750,139243.75,148000,145875,141901,140250,137500,135000,134998.25,135556.25,139737.5,143875,150656.25,154999.75,154750,164375,173083.3333
E12000002,North West,E08000001,Bolton,"39,500",38862.5,41987.5,43412.5,44125,47131.25,48625,53625,60250,77000,95750,107446.75,118500,118711.75,111062.5,110500,107987.5,105250,108625,112500,118000,123498.75,126500,131743.75,136250,143086.25,154983.3333
E12000002,North West,E08000002,Bury,"44,000",44147.25,45125,47125,49312.5,51987.5,56375,65748.75,79089.25,96612.5,116273.75,125375,129691.25,132125,127837.5,128375,121875,121812.5,122874.5,130250,142311.25,149873.75,156350,163681.25,172125,179550,202500
E12000002,North West,E08000003,Manchester,"36,500",36312.5,38799.5,42407.5,45291.25,48850,54247,64873.75,77375,93248.75,112846.25,128237.5,138498.75,135243.75,123682.5,124125,126500,126000,125875,132104.5,139237.5,147275,158562,169531.25,178250,191250,209000
E12000002,North West,E08000004,Oldham,"39,000",39973.75,40625,42125,43625,43750,43968.75,49600,57737.5,71862.5,86350,99625,111428.75,114250,106875,108375,106118.25,106375,109250,114718.75,117248.75,121555.75,126374.5,128250,134750,141499.5,163316.6667
E12000002,North West,E08000005,Rochdale,"40,000",39312.5,40250,41750,44986.25,47237.5,49737.5,52718.75,61987.5,77125,92625,100362.5,111237.5,112250,104644.5,107187,105425,110498.25,114625,118750,123798.75,124487.5,126873.75,130625,137631.25,144675,160833.3333
E12000002,North West,E08000006,Salford,"42,000",41100,41755,44300,45225,46617.5,48375,53237.5,67118.75,87250,103750,114018.75,121875,124463.75,117250,114131.5,110500,113000,115531.25,117436.25,125736.25,136123.75,155112,161342.75,163862.5,181250,195798.6667
E12000002,North West,E08000007,Stockport,"54,000",55118.75,58368.75,59862.5,64300,70237.5,77858.75,87862.5,106875,131725,142187.5,148362.5,162068.75,165000,155687.5,160750,159875,160125,163500,171000,180125,191600,203625,217500,226000,234373.75,270000
E12000002,North West,E08000008,Tameside,"39,500",39081.25,40725,41868.25,43375,47087.5,49412.5,53368.75,65875,82500,97687.5,112237.5,120252.5,123737.5,111512.5,110368.25,109000,108260,109625,116750,122487.5,126374.75,135123.75,139500,147125,155125,168666.6667
E12000002,North West,E08000009,Trafford,"58,000",58487.5,61737.5,66750,71500,80237.5,91250,109440.75,128125,151862.5,168250,174500,185500,185937.5,172500,178750,185250,184312.5,191750,198500,211999.75,230681.25,245062.5,256431.25,266656.25,286875,321666.6667
E12000002,North West,E08000010,Wigan,"41,000",42000,44250,45612.5,46475,48225,50750,54737.5,65062,84737.5,97475,108987.5,118180,118897.75,111487.5,113750,110487.5,109882.5,111562.5,117204.25,122062.5,124750,129998.75,135373.75,144248.75,148250,155000
E12000002,North West,E08000011,Knowsley,"45,175",46500,44980.75,47100,49037.5,51498.75,52497.75,57743.25,66777.25,90498.75,111237.5,116125,118856.25,118737.5,110499.5,111250,108168.75,105500,109000,110625,118239.25,118500,127367,133548.75,146250,154936.25,151500
E12000002,North West,E08000012,Liverpool,"38,000",39362.5,40215,40118.75,42497.5,46100,50243.25,53862.5,62375,82875,99493.25,113000,121375,118918.75,116093.75,114750,111687.5,110500,111498.75,115750,119123.75,119900,122250,126500,126430.25,132152.5,151866.6667
E12000002,North West,E08000013,St. Helens,"43,750",44487.5,44999.5,45050,46625,49373.75,53187.5,58987.5,68737.5,89750,108731.25,115826,122475,122413.75,113737.5,116625,110500,109000,111500,119862.5,122187.5,127000,133062.5,132500,135368.25,141998.75,151833.3333
E12000002,North West,E08000014,Sefton,"50,000",50812.5,53500,55487.5,58015.75,59850,66236.25,76000,92000,118375,134375,141750,149968.25,149046,144375,148106.25,142322,139650,137200,144498.75,148000,156250,161312.5,166112.5,172248.75,177750,196665
E12000002,North West,E08000015,Wirral,"43,950",44562.5,46393.75,48175,50237.5,54500,59362.5,68000,80500,102500,121200,128875,137237.5,137975,131750,134500,135175,135749.5,134643.25,138987.5,141750,148112.5,154250,159375,165237.5,166318.75,189000
E12000003,Yorkshire and The Humber,E06000010,"Kingston upon Hull, City of","34,500",34000,34394.25,34375,36123.75,37187.5,37362.5,39350,46625,56737.5,67650,80473.75,89987.5,92812.5,85750,89987.5,89112.5,88748.25,91500,96062.5,99250,103750,113562,112750,118250,120000,122983.3333
E12000003,Yorkshire and The Humber,E06000011,East Riding of Yorkshire,"51,500",52375,53000,53861.25,55611.75,58312.5,61987.5,72962.5,91725,118975,132975,139048.75,147625,149375,140112.5,143250,140862.5,141248.75,140687.5,147125,152431.25,159790.25,169225,175987.5,181750,188750,207500
E12000003,Yorkshire and The Humber,E06000012,North East Lincolnshire,"36,950",37337.5,39625,40050,43873.75,43975,46128.25,49737,55000,71537.5,81862.5,92875,104368.75,109225,106625,114612.5,112112.5,111000,108993.75,116612.5,119425,122000,127750,128625,132125,137156.25,145750
E12000003,Yorkshire and The Humber,E06000013,North Lincolnshire,"40,000",40650,42000,44112.5,45250,47625,50475,55373.75,69100,88875,107997.5,114000,119500,123929.5,119030.75,119893.75,114750,113862.5,115250,120306.25,124361.25,126250,131625,137250,141500,145750,159166.6667
E12000003,Yorkshire and The Humber,E06000014,York,"55,860",55125,57062.5,59737.5,61987,70125,82987.5,101487.5,127500,143725,160497.5,165486.25,175987.5,178737.5,165737.5,171875,174625,176431.25,180500,188086.75,205750,216065.75,228000,233000,242750,250125,271083.3333
E12000003,Yorkshire and The Humber,E07000163,Craven,"54,000",56112,59068.75,61125,64125,66862.5,74250,89250,117475,136793.75,154125,168937.5,179525,179937.5,170618.75,176375,176718.75,174750,171125,172124.75,182375,187487.5,199800,196561.25,212487.5,230300,237666.6667
E12000003,Yorkshire and The Humber,E07000164,Hambleton,"63,500",64937.5,68586.25,71500,73618.75,81000,90687.5,107643.75,129750,162937.5,184375,187625,198000,201053.25,187493.25,193737.5,199856.25,202000,199000,206250,212437.5,218050,228928.25,227937.5,231225,242475,267083.3333
E12000003,Yorkshire and The Humber,E07000165,Harrogate,"62,950",64498.75,66750,70375,76737.5,86874.5,96850,117875,147987.5,169375,188600,192062.5,209500,217250,195000,213000,215000,211000,215168.75,221112.5,237487.5,253625,265248.75,272125,278811.25,297975,315000
E12000003,Yorkshire and The Humber,E07000166,Richmondshire,"60,000",59725,61486.25,65156.25,69762.5,76186.25,80243.25,86486.25,110612.5,143118.75,165142.5,166936.25,184937.5,185761.25,176250,189062.5,195000,180750,191562.5,182275,186125,194500,197487.5,200900,211250,208500,243500
E12000003,Yorkshire and The Humber,E07000167,Ryedale,"58,500",59462.5,62187,61062.5,63360,71487.5,81437.5,94250,125750,152237.5,176750,182500,190500,199373.75,170743.25,180875,183843.75,178250,182556,185812.5,190993.75,206550,214925,219375,225750,234000,249333.3333
E12000003,Yorkshire and The Humber,E07000168,Scarborough,"49,950",49981.25,50812.5,52625,53375,56487.5,60612.5,70000,87737.5,116237.5,137250,139375,148250,151625,140812.5,143575,146125,141187.5,139500,144375,148925,148735,153625,159487.5,159737.5,167748.75,181366.6667
E12000003,Yorkshire and The Humber,E07000169,Selby,"53,000",53080.75,55893.75,57875,58586.25,63124.75,68625,84781,111861.25,136112.5,151236.25,156487.5,165872.5,165071.5,153644.5,159236.25,157250,159750,160248.75,161049.75,167248.25,178750,188875,200625,204725,212748.75,222583.3333
E12000003,Yorkshire and The Humber,E08000016,Barnsley,"39,000",38612.5,38968.25,40650,43250,44000,44500,47240,56975,78737.5,94123.75,103750,110998.75,112497.5,104250,104250,102231.25,104487.5,105000,110375,114487.5,116750,121499.5,128498.75,134797,135368.75,141666.6667
E12000003,Yorkshire and The Humber,E08000017,Doncaster,"39,000",38643.75,40322.5,42275,44487.5,45625,46125,49967,63687.5,85850,101312.5,108750,115375,117125,109875,112750,110500,109750,110500,117624.5,122750,125625,129986.25,128530.75,131125,137000,147833.3333
E12000003,Yorkshire and The Humber,E08000018,Rotherham,"41,500",42237,43000,43125,45862.5,48368.25,51362.5,57731.25,69237.5,85631.25,100500,113748.75,120487.5,122625,116750,118222.5,116812.5,116623.75,121873.75,125000,128828.25,132111.25,133810,137625,140000,145874.25,159083.3333
E12000003,Yorkshire and The Humber,E08000019,Sheffield,"43,500",43687.5,45350,46718.75,48750,51750,56897.75,65862.5,81500,100646.25,113818.75,122611.25,129361.25,128737.5,124236.25,128928.75,124362.5,124531.25,124998.75,130685,137125,140375,147987.5,156498.75,160373.75,166250,179166.6667
E12000003,Yorkshire and The Humber,E08000032,Bradford,"41,500",42487.5,44737.5,45312.5,45875,48937.5,50625,55487.5,64362.5,82387.5,96625,112000,123373.75,124498.75,118500,119550,119500,115249.5,117700,120000,123499.5,128250,132358,134281.25,138312.5,140750,152666.6667
E12000003,Yorkshire and The Humber,E08000033,Calderdale,"41,000",41062.5,43062.5,45375,45500,46770.75,50237.5,54406.25,66515.75,86874.5,106305,116220.75,124475,124644.75,116875,122237.5,120625,115750,119375,123125,127000,133625,135000,139375,144500,148750,159416.6667
E12000003,Yorkshire and The Humber,E08000034,Kirklees,"44,000",44368.75,46687.5,48250,49725,52500,54123.75,58500,72312.5,93125,110487.5,121562.5,129249.75,131575,123750,127564.5,124487.5,123375,124862.25,125250,131750,138361.25,141500,147750,155000,160500,172833.3333
E12000003,Yorkshire and The Humber,E08000035,Leeds,"49,250",49123.75,51237.5,53750,57123.75,61261.25,67711.25,77375,95986.25,118937.5,131362.5,136987.5,144125,144681.25,134141.25,142487.5,141500,141748.75,142687.5,148124.5,153487.5,161368.75,168862.5,174761.25,180368.25,192487.5,214333.3333
E12000003,Yorkshire and The Humber,E08000036,Wakefield,"45,000",45529,47950,49900,50237.5,52375,55250,62247.5,78747.25,96623.75,111987.5,118656.25,125156.5,127623.75,121061.25,124248.75,121375,119243.25,120500,123500,127974,135873.75,143500,151997.5,155987.5,159112.5,165733.3333
E12000004,East Midlands,E06000015,Derby,"41,000",41125,42324.75,43250,45625,49237.5,54725,63487.5,79612.5,101775,118986.25,122000,128250,128237.5,122194.5,124125,120737.5,122306.25,126237.5,132292,136556.25,141875,145732.5,152100,164987.5,170243.25,181916.6667
E12000004,East Midlands,E06000016,Leicester,"39,500",38737.5,39250,41000,43487.5,45737.5,50962.5,62737.5,83000,105750,118235,119612.5,124000,126000,122062.5,120500,122037.5,120750,120806.25,124943.75,130487.5,140375,151250,165250,175500,183000,204416.6667
E12000004,East Midlands,E06000017,Rutland,"66,500",71125,74793.75,78081.25,86481.25,96168.75,109493.75,129643.75,151062.5,177281.25,189625,200176.75,210875,218500,201312,214243.75,210937,206187.5,209737.5,212493.75,232811.25,239122,249998.25,257862,274037.5,297437.5,336416.6667
E12000004,East Midlands,E06000018,Nottingham,"38,500",38837.5,40875,42250,43625,45625,49612.5,60975,80487.5,95361.25,106484.5,111250,112251.25,108250,102000,100750,97750,97750,98888.5,105250,112375,119737.5,128750,135000,140000,145687.5,160333.3333
E12000004,East Midlands,E07000032,Amber Valley,"41,950",43373.75,45125,46625,49237.5,52124.5,57500,67168.25,84731.25,104937.5,118487.5,122875,134112.5,137830,127692.25,132687.5,129487.5,126065.25,129625,134000,146875,155487.5,160237.5,170487.5,174812,177250,198750
E12000004,East Midlands,E07000033,Bolsover,"37,950",37112.5,38875,40000,41181.25,43829.5,46550,46375,59875,79160.75,92424.5,99937.5,108421.75,111125,103130.5,104118.75,97000,95875,96300,105750,113124.5,118312.5,124987.5,128375,133562,137250,150499.3333
E12000004,East Midlands,E07000034,Chesterfield,"40,000",41218.75,41550,42873.75,45250,47775,53625,59362.5,73475,95735.75,112248.75,120337.5,125625,125375,117562.5,120873.75,120843.75,117562.5,123687.5,126250,131312.5,134500,143062.5,148437.5,154062.5,161875,177316.6667
E12000004,East Midlands,E07000035,Derbyshire Dales,"63,250",64493.75,71000,74875,80375,82875,95987.5,113500,136925,165125,191487.5,200812.5,216125,209237.5,189812.5,207812.5,207562.5,200125,207250,218750,224187.5,231375,246556.25,252187.5,267487.5,265125,285000
E12000004,East Midlands,E07000036,Erewash,"42,500",42737.5,44625,46806.25,48737.5,50602,54250,66362.5,83000,103167.5,116618.25,119123.75,124237.5,123998.75,119487.5,118593.75,119125,119750,120500,125775,132250,136750,143200,152362.5,160875,166875,179999.6667
E12000004,East Midlands,E07000037,High Peak,"52,000",51993.75,54487.5,57375,59092.5,63043.75,70362,83606.25,103056.25,128500,140875,145075.75,154625,156750,151500,145875,145500,150750,147000,150156.25,158987.5,167249.5,178000,186237.5,190250,196249.75,218000
E12000004,East Midlands,E07000038,North East Derbyshire,"47,950",48112.5,50987.5,52975,57125,59100,61087.5,69230.75,89412.5,109550,128125,139112.5,143375,143243.75,139743.75,138937.5,141875,142750,142050,148650,158937.5,166500,171750,180750,184998.25,198237.5,217166.6667
E12000004,East Midlands,E07000039,South Derbyshire,"47,500",48578.25,52862,55500,61980,67112.5,69243.75,81250,109206.25,126556.25,141325,144619.25,148687.5,151562,141499.5,145625,144487.5,147861.25,147937,156123.75,167123.75,174125,192405.75,203587.5,216499.5,214593.25,220000
E12000004,East Midlands,E07000129,Blaby,"52,000",52998.75,56686.25,59475,61862.5,68975,76212.5,88119,113575,134250,146125,151162.5,158875,158862.5,146125,148875,154250,153375,155750,164475,174500,190125,203206.25,214237.5,220625,224998.75,243583.3333
E12000004,East Midlands,E07000130,Charnwood,"51,950",51562.5,53487.5,56563.75,59225,61998.75,71100,84875,109556.25,132350,143625,147237.5,156000,157532.5,145068.75,150931.25,154656.25,155812.5,159612.5,166550,174925,185737.5,199612.5,209249.5,220875,225000,244999.3333
E12000004,East Midlands,E07000131,Harborough,"59,000",59248.75,62362.5,70812.5,78750,89606.25,100236.25,117237.5,150475,167293.75,178875,184125,194625,195850,176306.25,194500,188250,186491.5,190500,211123.75,227750,239230.75,253750,268685.75,288742,295500,319482.6667
E12000004,East Midlands,E07000132,Hinckley and Bosworth,"47,850",48875,52312.5,55237.5,58625,64725,72987.5,85736.25,108061.25,126779,138906.25,146062.5,151925,153750,147468.75,153187.5,149560.75,147250,146875,160750,169862.5,171998.75,185993.75,198237.5,204375,205000,228333.3333
E12000004,East Midlands,E07000133,Melton,"50,000",53375,56437.5,59498.75,63325,71350,75618.75,93000,117582.75,136037.5,147500,152875,161187.5,159618.75,145250,155225,156125,161487.5,161500,164250,173312.5,181437.5,195812,201868.75,221312.5,223000,252650
E12000004,East Midlands,E07000134,North West Leicestershire,"49,100",49375,52812.5,55937.5,59912.5,65730.75,73137.5,85300,107487.5,127993.75,139493.75,141987.5,151975,152500,143212.5,143800,144998.75,142125,149119,161862.5,172611.25,177749.5,189873.75,206237.5,209875,223375,238833.3333
E12000004,East Midlands,E07000135,Oadby and Wigston,"52,000",51137.5,53500,57125,60712.5,65500,70975,82875,110987.5,132237.5,145487.5,145875,153618.75,153000,138243.75,145743.75,149987.5,145907.5,144375,150743.75,163499.5,174750,187400,198125,214437.5,231812.5,243333.3333
E12000004,East Midlands,E07000136,Boston,"40,000",40987.5,43643.75,44862.5,45737.5,48325,54925,66018.75,84007,104937.5,117872.5,118498.75,125675,124737.5,118431.25,119237.5,120314,121750,122250,127250,134437.5,139737.5,146237.5,155250,163875,168243.75,179483.3333
E12000004,East Midlands,E07000137,East Lindsey,"42,950",43625,45875,49130.75,51125,55800,61643.75,73225,90937.5,117487.5,130237.5,133750,142362.5,142873.75,131725,135125,133848.25,129637.5,131125,135593.75,143625,148375,157000,164625,171737.5,176875,189333.3333
E12000004,East Midlands,E07000138,Lincoln,"37,500",38487.5,38818.75,40275,41888.25,45387.5,48487.5,59050,78987.5,97987.5,110362.5,116862.5,122875.25,122225,116000,117962.5,119499.5,119750,119725,124125,128687.5,135612.5,142987.5,146500,153750,157487.5,166666.6667
E12000004,East Midlands,E07000139,North Kesteven,"48,950",48687.5,52000,54112.5,56487.5,61663.25,69612.5,83375,108500,128611.25,139000,144400,153487.5,157543.75,144999.5,147487.5,144348,145437.5,144237.5,152125,163487.5,173987.5,182125,189750,198998.75,203799.5,224983.3333
E12000004,East Midlands,E07000140,South Holland,"44,600",44887.5,47962.5,51344.25,54612.5,63462.5,73762.5,83556.25,103475,124243.25,134112.5,136625,147000,145622.75,131499.5,136000,134062.5,132750,136498.75,143024.5,152248.75,160236.25,170686.25,181123.75,185748.75,192264.75,214000
E12000004,East Midlands,E07000141,South Kesteven,"51,050",50681.25,54375,58156.25,62123.75,67924.5,76750,88875,114362.5,135623.75,150237,150413.25,161000,165037.75,150987.5,157625,154800,153998.25,154680,164248.75,173248.75,184605.75,193875,210623.75,214687,219386.25,238333.3333
E12000004,East Midlands,E07000142,West Lindsey,"46,500",46668.75,49487.5,52112.5,53350,55356.25,59736.25,70500,88750,118737.5,129250,131725,141230.75,142930.75,135187,143000,142250,134487.5,135000,148174.5,151543.75,151250,164481.25,173112.5,178062.5,184999.5,208000
E12000004,East Midlands,E06000061 ,North Northamptonshire,"41,000",41813.25,45350,48750,54012.5,59875,68362.5,78247.5,96612.5,117362.5,128873.75,132112.5,140498.75,142276.5,133822.75,136000,135625,132375,137875,146500,158250,171625,187500,202832.25,210062.5,214625,229333.3333
E12000004,East Midlands,E06000062 ,West Northamptonshire,"50,500",51937.5,56862.5,63375,67487.5,77498.75,88748.75,102873.75,123498.75,138247.5,146862.5,151500,161500,163375,154250,161587.25,161750,163125,165937.5,177375,191362.5,212247.5,232748.75,244750,246250,247250,269999.3333
E12000004,East Midlands,E07000170,Ashfield,"38,500",38000,38768.25,42000,45037.5,49100,50350,56487.5,71093.25,89249.5,100122.5,106905.75,115500,113375,103289.5,106118.25,109747.5,110000,110750,119237.5,123943.25,128875,138000,141625,144250,147500,163000
E12000004,East Midlands,E07000171,Bassetlaw,"42,000",43018.75,45968.75,46862.5,49737.5,54337.5,56731.25,63854.5,79862.5,99925,118124.75,121450,126861.25,123875,121250,125000,125381.25,120362.5,122492,124987.5,130311.25,136311.25,144368.25,153000,159687.5,167875,176541
E12000004,East Midlands,E07000172,Broxtowe,"47,000",47462.5,48864.5,51899.5,55362.5,59855.75,66875,79862.5,101550,123781.25,135862.5,136000,141000,139362,130935,132937.5,132737.5,131249.5,135249.75,138250,146737.5,157375,163000,171750,182375,193125,211483.3333
E12000004,East Midlands,E07000173,Gedling,"47,000",47703.75,49887,51750,54753.25,58736.25,65462.5,79211.25,99047,118306.5,128362.5,130987.5,135737.5,131750,126225,134112.5,131875,131250,128250,139875,147375,151987.5,163125,173875,181500,193250,210000
E12000004,East Midlands,E07000174,Mansfield,"36,000",37250,38987.5,40500,41556.25,44237.5,46093.75,53312.5,66100,85362.5,98237.5,104812.5,110612.5,112562.5,106725,111000,108448.75,102937.5,107750,113000,120262.5,125375,128125,134248.75,143562,149867.5,157333.3333
E12000004,East Midlands,E07000175,Newark and Sherwood,"45,500",46720.5,49861.25,52375,55468.75,60346.25,66000,77718.25,102787.5,123300,130000,132654,140000,142687.5,136625,141873.75,136500,140403.75,141500,148874,150118.75,158549.5,168735.75,177618.75,186373.75,187806.25,214666.6667
E12000004,East Midlands,E07000176,Rushcliffe,"64,500",66105.75,69875,74875,82125,92861.25,107124.5,120125,150125,168806.25,183187.5,183987.5,194487.5,191424.5,181437.5,192487.5,194375,190512.75,199124.5,204862.5,225186.25,247268.25,261255,270492.5,280562,286612,307666.6667
E12000005,West Midlands,E06000019,"Herefordshire, County of","57,000",57375,60248.75,65737.5,72250,79998.75,89125,104748.75,130498.75,153675,168000,174680,184450,188375,176687.5,184500,182000,181862.5,184500,187375,200500,203697.5,215812.5,230612.5,235500,245500,272666.6667
E12000005,West Midlands,E06000020,Telford and Wrekin,"45,000",46237.5,49225,51456.25,55125,58375,62998.75,72031.25,88112.5,110862,119986.25,124437.5,131000,135000,133999.5,139748.5,136878.75,139223.75,142374,142500,150061.25,156310,164062.5,164562.5,173118.75,180224.5,192081.6667
E12000005,West Midlands,E06000021,Stoke-on-Trent,"32,500",32000,32937.5,33943.75,35173.75,37147,37375,39987.5,45350,62212.5,76737.5,84875,89875,93125,88500,87500,85500,87375,88748.75,94451.25,97500,103750,108562.5,114125,119375,123375,129166.6667
E12000005,West Midlands,E06000051,Shropshire,"54,000",55375,58550,62178.25,66062.5,71625,82375,95250,122000,142500,156887,165750,175997.5,180575,168000,171000,172281.25,169248.75,170875,175375,181875,191812.5,208500,213250,218750,228311.25,248983.3333
E12000005,West Midlands,E07000192,Cannock Chase,"44,950",45250,47668.75,50125,54100,56000,60305.75,71750,85250,104125,117250,123836.25,129873.25,130499.5,124118.75,124681.25,125250,123998.75,125000,129375,135750,144350,158350,164750,169623.75,178867.5,188166.6667
E12000005,West Midlands,E07000193,East Staffordshire,"44,000",44375,48583.25,50987.5,55862.5,59612.5,63862.5,74475,89737.5,110987.5,122125,124493.75,138612.5,137624,130750,141123.75,137468.25,132500,138500,144362.5,156562.5,159986.25,168499.5,180368.25,185875,198623.75,210000
E12000005,West Midlands,E07000194,Lichfield,"59,950",61118.25,64750,66800,74249.5,82872.5,90112.5,106712.5,133993.25,156125,171237.5,173375,184375,188937.5,174000,181612.5,180137.5,177625,180000,186750,198000,205237,223487.5,234062.5,250525,256000,279083.3333
E12000005,West Midlands,E07000195,Newcastle-under-Lyme,"42,500",42562.5,46868.75,48375,49375,52224.5,54125,59237.5,73462.5,93793.75,107987.5,118100,123856.25,127187.5,123000,126550,122061.25,124611.25,125550,129987.5,132000,135062.5,133175,141362.5,148250,153750,164500
E12000005,West Midlands,E07000196,South Staffordshire,"59,950",59350,62748.75,66737.5,72875,79000,88875,105737.5,132486.25,147748.75,160430.25,167998.75,179106.25,179625,171218.75,174593.75,173250,173212,174750,176499.5,185750,196875,208562.5,216250,221362.5,236687.5,261500
E12000005,West Midlands,E07000197,Stafford,"55,000",55562.5,57437.5,58875,61112.5,66987.5,74362.5,86362.5,109235,131337.5,144750,149812.5,159731.25,163864,154500,156875,157500,156750,160000,163636.25,172875,184312.5,192875,200493.75,211312.5,213987.5,223333.3333
E12000005,West Midlands,E07000198,Staffordshire Moorlands,"47,000",47543.75,48487.5,50750,54706.5,59343.75,63093.75,72612.5,87175,114237.5,128000,135062,142375,142375,131625,137875,136250,136125,133375,140112.5,148687.5,151250,158000,163262.5,167750,179437.5,198300
E12000005,West Midlands,E07000199,Tamworth,"48,500",49987.5,52487.5,55000,58736.25,61605.75,71862.5,81000,95125,117112.5,128050,134737.5,140125,139000,134712.5,137862.5,134125,131843.75,136118.75,141625,147362.5,161487.5,173675,186962.5,200437.5,212498.75,220666.6667
E12000005,West Midlands,E07000218,North Warwickshire,"52,000",54925,56998.75,58986.25,63000,68236.25,74087.5,84612.5,102737.5,122862.5,137400,145062.5,148612.5,150000,149750,152750,143500,147925,146750,153555.75,166437.5,178000,187306.25,198687.5,210062.5,216375,237500
E12000005,West Midlands,E07000219,Nuneaton and Bedworth,"44,625",45375,48112.5,50000,52687,57195.5,63373.75,72248.75,87450,103498.75,119350,122117,128500,128750,121987.5,126562.5,125437.5,126373.75,128125,133618.75,139625,149125,159562.5,172987.5,182498.75,185750,196083.3333
E12000005,West Midlands,E07000220,Rugby,"48,000",48956.25,54343.75,58737.5,61612.5,69781.25,80987.5,98805.75,116287.5,135800,147123.75,148861.25,155998.75,159549.5,150000,154375,155499.5,157118.75,163000,177230.75,186750,194018.25,209562.5,235968.75,248624.5,247993.75,266666.6667
E12000005,West Midlands,E07000221,Stratford-on-Avon,"73,000",77250,85500,92493.75,104031.25,119374.5,131750,147737.5,178125,193936.5,210250,218212.5,227787.5,231499.5,213987.5,228118.75,232437.5,237500,245000,248250,267125,283250,296625,310498.75,315993.25,317500,341666.6667
E12000005,West Midlands,E07000222,Warwick,"63,000",65250,69212.5,78456.25,88237.5,101875,111625,129868.25,155812.5,170237.5,183250,186500,196100,200873.75,188487.5,201425,205250,207000,213706.25,232250,249750,272550,285562.5,299987.5,308248.75,311125,331300
E12000005,West Midlands,E07000234,Bromsgrove,"71,000",73343.75,75487.5,79500,87312.5,102868.75,119212.5,135668.75,154237.5,175950,187737.5,193487.5,200937.5,206998.75,187437.5,195375,201550,203612.5,205237.5,215862.5,239674.5,250111.25,267243.75,277487.5,287250,293749.5,317083.3333
E12000005,West Midlands,E07000235,Malvern Hills,"69,000",65250,70500,78500,85875,94781.25,108312.5,133955.75,163437.5,181243.75,195062.5,201875,224937.5,221543,196312.5,204621.25,211248.75,201375,204624.5,212000,224875,236324.5,253311.25,266048.25,283499.5,278750,311666.6667
E12000005,West Midlands,E07000236,Redditch,"52,950",52437.5,55873.75,59250,65573.75,73500,81375,89875,110725,131737.5,136750,139125,144812.75,145625,141562.5,147125,145556.25,142000,150250,159500,167423.75,174050,186618.75,201000,213125,218062.5,235922.6667
E12000005,West Midlands,E07000237,Worcester,"50,995",50985,53498.75,57605.75,63575,70894.25,79362.5,93425,114987.5,132668.75,145612.5,149900,163000,165000,154662.5,155375,157050,162187.5,162026.25,165500,176900,180518.75,185812.5,194375,201533.75,208375,226250
E12000005,West Midlands,E07000238,Wychavon,"62,500",64500,69612.5,78606.25,83737.5,97000,113112.5,125624.5,150625,167832.5,185250,189187.5,203866.5,209750,187106.25,195618.75,201250,195247.5,195500,208875,224716.25,241437,256581.75,269000,271375,280500,298833.3333
E12000005,West Midlands,E07000239,Wyre Forest,"52,500",52081.25,55612.5,57875,62361.25,66987.5,75475,88612.5,109181.25,128750,144093.75,143968.75,152855.25,152500,145500,148181.25,147300,145394.5,147750,153619,156112.5,161250,169931.25,179875,184750,193303.25,214000
E12000005,West Midlands,E08000025,Birmingham,"45,370",45687.5,47750,50262.5,53375,58162.5,63725,75987.5,95612.5,116247.25,125862.5,130250,136060.25,135500,125737.5,128375,128570.75,127125,129125,135625,141750,150113,160123.75,170498.75,179500,187115.25,204000
E12000005,West Midlands,E08000026,Coventry,"42,000",41750,43362.5,44775,47737.5,53250,59361.25,69487.5,83750,101375,116125,121437,128362.5,127600,119088.75,121125,122812,121074.5,125125,132000,140468.25,150873.75,162875,174362.5,180999.5,184748.75,195333.3333
E12000005,West Midlands,E08000027,Dudley,"48,500",49393.75,52475,54962.5,56875,59537.5,66125,76862.5,90250,109875,122250,127237.5,131831.25,134000,128325,132687.5,129625,128997.5,130250,136556.25,144000,148000,156312.5,161862.5,168250,179500,196833.3333
E12000005,West Midlands,E08000028,Sandwell,"42,000",42750,44487.5,45381.25,46125,48381.75,53187.5,61781.25,77112.5,94312.5,106750,113362.5,120243.25,120000,111250,112625,110500,110000,110000,114687.5,121725,126125,133750,144498.75,151800,156250,167666.6667
E12000005,West Midlands,E08000029,Solihull,"71,500",71625,77225,83250,90725,104000,118125,131110.5,155814,178265.75,189000,192125,200999.5,198000,181778.25,203187.5,205062.5,198362.5,206150,212609.5,234125,244375,257475,269487.5,276181.25,287625,324666.6667
E12000005,West Midlands,E08000030,Walsall,"46,250",46750,49700,51868.25,53375,56987.5,58975,68000,83931.25,104250,118747.5,121373.75,124975,126362.5,124112.5,124625,124987.25,122750,124562.5,132250,134748.75,137750.75,145793.75,154618.75,157250,158375,178333.3333
E12000005,West Midlands,E08000031,Wolverhampton,"42,500",42500,44987.5,45862.5,47000,51125,54500,64212,78875,93250,109500,117612.5,120750,122750,116750,113737.5,113750,114649.5,118060,121592.5,125812.5,131625,137237.5,146248.75,151062.5,159750,172165
E12000006,East of England,E06000031,Peterborough,"42,000",42580.75,44686.25,46498.75,49998.75,54375,59500,74125,90500,111312.5,121556.5,129180,138186.25,140375,131249.5,132248.75,132875,130500,136998.75,145924.5,152875,159375,170121.75,183062.5,194743.25,208617,218666.6667
E12000006,East of England,E06000032,Luton,"44,750",44373.75,46625,50123.75,55437.5,63748.75,74750,87737.5,113750,128850,137750,142875,153593.75,158750,145500,148375,150000,150562.5,152250,162625,180000,212000,234375,242500,245750,251750,267166.6667
E12000006,East of England,E06000033,Southend-on-Sea,"47,000",46373.75,52375,57187.5,61123.75,69375,78748.75,95125,121661.5,142498.75,156248.75,162531.25,173750,178748.75,167000,176375,180062.5,182250,183750,194250,215347,234250,257062.5,273812.5,285500,292625,322333.3333
E12000006,East of England,E06000034,Thurrock,"50,500",49625,54000,59625,63875,70499.5,82998.75,102498.75,128498.75,145248.75,157498.75,162372.5,168875,174250,164750,164937.5,171875,167998.25,170750,183625,210987.5,245500,272498.75,280625,285750,290000,314249.3333
E12000006,East of England,E06000055,Bedford,"54,000",53998.75,57812.5,63362.5,69306.25,78284.5,88750,104500,127750,143750,154750,159125,171875,177687.25,170000,176061.25,183093,180937.5,184750,196998.75,222928.75,237000,261799.5,277875,281875,284435.75,298333.3333
E12000006,East of England,E06000056,Central Bedfordshire,"58,000",58463,61912.5,69083.75,75987.5,86612.5,99750,119737.5,142242.5,158500,168587.5,178247.5,186498.75,194375,181500,185140.75,191237.5,193625,200987.5,217498.75,237237.5,260498.75,289986.25,312748.75,315250,314556.5,328575
E12000006,East of England,E07000008,Cambridge,"70,500",73568.75,79112.5,90612.5,98873.75,116237.5,133750,158498.75,181125,193375,211250,221812.5,244987.5,246724,229125,251749.75,257187.5,270993.75,295862.5,330931.25,380243.75,420000,425062.5,431249.5,435659.75,431750,449833.3333
E12000006,East of England,E07000009,East Cambridgeshire,"59,950",59725,61735,68862.5,78105.75,87874.5,103312.5,122987.5,144050,159000,172062.5,173748.75,185237.5,188681.25,175548.75,182931.25,184987.5,184000,191937.5,203987.5,228747.5,251237.5,268512.5,279498.75,288737.5,300749.5,318416.6667
E12000006,East of England,E07000010,Fenland,"42,000",40875,43750,48362,50248.75,56675.75,62281.25,77437,99500,118624.5,128125,130737.5,136000,141562,128248.75,130375,131062.5,130062.5,127831.25,138500,146625,157625,173118.75,183750,189310.75,196125,210666.6667
E12000006,East of England,E07000011,Huntingdonshire,"58,000",58125,59748.75,63937.5,70375,79362.5,88862.5,104748.75,127498.75,147350,159562,166625,177875,182011.75,168625,175249.5,176730.75,177250,185000,192000,206243.25,224125,249000,268747.5,275125,281000,296666.6667
E12000006,East of England,E07000012,South Cambridgeshire,"75,000",76712.5,82231.25,91081.25,101981.25,115600,133875,154402,174543.75,187487.5,201900,213748.75,233124.5,243812,214375,226487.5,236625,241051.25,246862.5,257248.75,296249.5,334644.25,360498.75,362735.75,363749,379546.25,391665
E12000006,East of England,E07000066,Basildon,"58,500",59087.5,64117,68342.5,73623.75,81187.5,91747.75,108747.5,133250,149987.5,158250,167717.5,177137.5,182437.5,176178.75,181343.25,182748.75,186500,190750,202000,222186.25,253747.5,278123.75,291250,296250,306437.5,338500
E12000006,East of England,E07000067,Braintree,"56,250",57004.25,59623.75,65625,72533.25,83125,91625,113748.75,140062.5,156375,169247.5,172248.75,182555,188387,171493.75,177999.5,184537.5,184687.5,188875,202487.5,219750,246250,263250,275625,287493.25,290875,307416.6667
E12000006,East of England,E07000068,Brentwood,"78,000",80525,86750,92750,106250,124375,142750,167000,200000,223250,236248.75,242500,249750,250748.75,246750,257181.25,260487.5,264125,273875,295750,323750,378187.5,406625,425000,413187.5,440625,492366.3333
E12000006,East of England,E07000069,Castle Point,"57,000",56875,61875,68612.5,72625,82875,96375,117375,149748.75,166935.75,173872.5,179118.75,191998.75,202500,181250,189500,192781.25,192812.5,194875,210500,236437.5,260000,287748.75,296000,300000,304062.5,330000
E12000006,East of England,E07000070,Chelmsford,"59,995",59487.5,65000,71625,79930,91998.75,111237.5,132493.75,161375,177500,190186.25,195312.5,214875,217725,200818.75,217375,220498.75,221375,225750,241749.75,263748.75,295497.5,329500,342493.25,349998.75,362562.5,381333.3333
E12000006,East of England,E07000071,Colchester,"53,000",54312.5,56625,61873.75,67022.5,77362.5,88748.75,107499.5,131498.75,151361.25,164999.5,169250,177248.25,175699,160993.75,171562.5,175375,181075.75,185873.75,191248.75,205937.5,228031.25,254500,271750,271750,274531.25,300500
E12000006,East of England,E07000072,Epping Forest,"80,000",82667.25,89487.5,99341.75,114618.75,128612.5,147498.75,172175,205750,225125,232750,244341,261250,273124.5,252500,274500,285750,280500,299125,325500,363812,400500,430625,446250,451250,465250,497416.6667
E12000006,East of England,E07000073,Harlow,"57,500",58250,61981.25,67500,69642.5,78875,90112.5,107997.5,129312,141530,153750,158748.25,167750,172248.75,159250,165687.5,170748.75,172875,177993.25,188750,217562.5,249312,275062.5,280687.5,284373.75,288437.5,310000
E12000006,East of England,E07000074,Maldon,"60,000",62765.75,67750,75568.75,81998.75,94204.25,109623.75,128492.5,153625,177249.5,190487,198687.5,207125,220162.5,199743.25,205437.5,213437.5,209700,216750,229250,246243.25,273236.25,312625,320625,323250,325000,346750
E12000006,East of England,E07000075,Rochford,"62,000",61500,68873.75,75598.75,80125,90875,110250,131000,161986.25,179375,193500,196681.25,210137.5,222749.75,196750,208500,212625,209437.5,217875,230375,257750,289374.5,319250,333749.5,334375,337312,365666.6667
E12000006,East of England,E07000076,Tendring,"46,500",46250,48125,52750,57873.75,67625,77987.5,93500,122248.75,138806.25,149500,154868.75,165248.75,170125,150000,150500,153125,151750,152250,159498.75,170873.75,183500,215437.5,226875,236125,241248.75,258333.3333
E12000006,East of England,E07000077,Uttlesford,"82,500",80806.25,86873.75,98750,111375,129500,148487.5,172123.75,197998.75,217493.75,238875,244375,252475,264575,252905.75,262437.5,277850,279437.5,295437.5,308187.5,327785.75,355750.75,387497.5,408375,416125,415999.5,442416.6667
E12000006,East of England,E07000095,Broxbourne,"70,000",68875,76375,86123.75,93124.5,108862.5,124436.25,142743.75,170017.5,183750,189623.75,195000,211430,219750,207750,215312.5,223125,225687.5,234750,246373.75,272875,315000,335000,348000,351500,365500,394166
E12000006,East of England,E07000096,Dacorum,"73,000",74968.75,79750,91625,100000,118375,135937.5,150500,177250,192237,204125,211625,227487.5,241480.75,226437.5,240125,241687.5,243750,248181.25,270000,304812.5,334500,367000,381875,373187.5,390000,430666.6667
E12000006,East of England,E07000098,Hertsmere,"82,000",83122.5,90987.5,103050,120268.75,132106.25,147000,173737.5,201250,221500,233000,243000,259375,269837.5,253125,268750,282687.5,289500,301987.5,340187.5,383062.5,423500,451312.5,452000,440500,463125,521666.6667
E12000006,East of England,E07000099,North Hertfordshire,"67,000",64125,67248.75,77437.5,84875,100625,120862.5,133623.75,161850,179112.5,183375,198937.5,215625,217998.75,204549.5,211950,226250,224999.5,229375,240117.5,269362.5,309987.5,333737.5,335375,344123.75,365750,395000
E12000006,East of England,E07000102,Three Rivers,"85,500",90000,97962.5,116250,127000,142112.5,164112.5,183237.5,205750,229500,240750,249493.75,266812.5,278243.75,253625,287875,302368.75,308750,326750,349375,393862.5,438861.25,467039.25,469250,465000,475187.5,500000
E12000006,East of England,E07000103,Watford,"60,000",60000,65093.75,75750,83612.5,102643.75,116862.5,134583.5,161243.75,176737.5,188367,194300,212577.75,225931.25,205812.5,212243.75,216243.75,222157,229125,247375,283850,330375,358750,365000,363062.5,372032,398166
E12000006,East of England,E07000143,Breckland,"47,500",46998.75,49406.25,53125,56342.5,63498.75,73743.75,90000,113237.5,132236.25,141498.75,147030,160050,159750,148487.5,153625,151500,154812.5,155250,165375,176750,192611.25,208437,219750,219187.5,224500,246666.6667
E12000006,East of England,E07000144,Broadland,"54,500",54750,56750,60060.75,63850,73050,86875,107445,131486.25,145125,158737.5,164750,180368.75,184737.5,162487.5,169124.5,169875,171556.25,175862.5,187500,205668.75,219987.5,235941.75,245875,252062.5,256250,274166.6667
E12000006,East of England,E07000145,Great Yarmouth,"41,000",40375,42906.25,45437.5,47998.75,51500,58850,70300,87800,110500,120998.75,121725,133874.75,134062.5,131000,134437.5,130548.75,131150,134250,137000,145561.25,152550,163373.75,172000,179375,186249.5,200000
E12000006,East of England,E07000146,King's Lynn and West Norfolk,"45,000",46248.75,50993.75,53000,56237.5,63487.5,72737.5,88125,112124.5,131967.5,144500,147000,155686.25,157125,150000,153721.25,151812.5,150625,153749.5,159687.5,169000,181562.5,197000,209562.5,217873.75,226875,251000
E12000006,East of England,E07000147,North Norfolk,"51,000",51000,54375,58250,62625,69862.5,81362.5,101237.5,129250,148750,163243.75,166862.5,177125,184041.5,172237.5,175875,173875,172312.5,178249.5,190500,202487.5,218250,233531.25,245500,250299,262600,291750
E12000006,East of England,E07000148,Norwich,"39,000",39612,41562.5,44900,47843.75,56487.5,66347.5,83374.5,106000,119625,128750,135456.25,151875,153625,137993.75,141250,140132,140675,146125,153487.5,163381.25,171000,184250,189375,192937.5,198875,213000
E12000006,East of England,E07000149,South Norfolk,"53,750",54474,57750,59623.75,65237.5,74737,87987.5,109781.25,136998.75,151987.5,164750,173250,185499.5,184718.75,169237.5,176868.75,178856.25,175500,180850,189431.25,203237.5,222250,240743.75,251249.5,259248.75,262500,279716.6667
E12000006,East of England,E07000200,Babergh,"55,000",56875,62175,66030.75,69914.5,82000,91749.5,117623.75,140700,155962.5,169975,176487.5,192612.5,193875,175312.5,189142.25,193750,192000,193000,211125,224562.5,247487.5,264623.25,275999.5,278500,286250,318333.3333
E12000006,East of England,E07000202,Ipswich,"42,000",41875,44248.75,46625,51686.25,60374.25,69750,81625,98000,116875,127000,132575,140873.75,140625,122062.5,127078.25,131812.5,133750,135874.5,146375,156750,162750,181248.75,189625,200000,201500,220333.3333
E12000006,East of England,E07000203,Mid Suffolk,"56,000",55750,60143.75,64281.25,69551.75,81993.25,91486.25,111000,133131.25,154750,167173.75,167783.5,180500,184373.75,170394.25,178750,179312.5,177627.75,178000,190248.75,206955.75,223975,251250,263424.5,261250,265875,295000
E12000006,East of England,E07000240,St Albans,"88,825",91937.5,101500,120418.75,133000,160612.5,181300,204140.75,234250,247987.5,262250,279373.75,304962.5,315250,298125,331250,350000,344750,359375,389212.5,435000,482125,516125,535625,535750,544000,583333.3333
E12000006,East of England,E07000241,Welwyn Hatfield,"71,000",73618.75,78621.25,87960.75,94237.5,111000,122487,143362.5,175125,192243.75,194500,202875,211250,221750,223237.5,226187.5,240000,235625,246612.5,258187.5,291250,342687.5,370250,372500,371625,378125,417500
E12000006,East of England,E07000242,East Hertfordshire,"75,000",77300,84125,91550,103123.75,122067.5,138875,160750,188123.75,205375,220312.5,230125,243237.5,249246.25,233156.25,242498.75,252500,252374.5,269312.5,284125,310000,346365.75,380187.5,386750,402779.5,414998.75,429166.6667
E12000006,East of England,E07000243,Stevenage,"53,000",53742,58237.5,62123.75,69123.75,78998.75,88123.75,106112.5,130625,142325,154625,156998.75,168187.5,173962,162244,165123.75,167125,167375,169500,185493.75,215623.75,243915.25,262250,274306.25,270750,275625,296250
E12000006,East of England,E07000244,East Suffolk,"51,500",50875,53318.75,57018.75,60736.25,68123.75,78000,93987.5,119562.5,137500,150373.75,155248.25,167986.25,174000,162125,171125,173337,170062.5,172000,179500,197248.75,208750,226998.75,235498.25,235750,245750,274250
E12000006,East of England,E07000245,West Suffolk,"53,000",53612.5,56737.5,60080,66312.5,74748.75,85000,103600,123750,143805,156000,159812.5,173373.25,177250,162922,166625,168875,167750,175247.5,183125,204500,218875,233373.75,246500,251723.5,252498.75,273333.3333
E12000007,London,E09000001,City of London,"105,000",117656.25,130500,158250,177500,189635.75,231875,236250,286125,276250,303125,322875,387312.5,390937.5,378062.5,439125,462812.5,469750,558750,683525,811125,806987.5,837493.75,885294.75,909351.25,879250,738333.3333
E12000007,London,E09000002,Barking and Dagenham,"49,000",49996.25,51362.5,57372.5,62000,72498.75,84625,103625,133125,152687.5,163250,165125,177500,190498.75,170937.5,164875,170375,171750,177622.5,199512.5,232000,271625,301000,304622.5,313413.75,319562.5,330000
E12000007,London,E09000003,Barnet,"85,250",85593.75,94062.5,110373.75,125000,149500,167118.75,192500,223737.5,245442.5,249975,259500,286498.75,290250,281250,312711.25,326625,324375,334875,381250,433750,465618.75,506250,520312.5,510687.5,544375,575000
E12000007,London,E09000004,Bexley,"62,000",63437.5,69125,76000,82873.75,93125,109687.5,128998.75,155187,170998.75,181000,188998.75,204625,214000,198375,207500,215312.5,212000,219250,242250,270187,313624.5,333998.75,348750,355625,365000,393666.6667
E12000007,London,E09000005,Brent,"68,000",70750,78656.25,91237.5,104987.25,129181.25,150992.5,173775,202987.5,220625,232750,246487.5,263500,283250,270125,277437.5,296250,314375,334875,369987.5,404987.5,436250,471250,496937.5,492412.5,493125,536666.6667
E12000007,London,E09000006,Bromley,"76,750",78375,83500,94250,109125,128000,145962.5,165862.5,194993.75,217487.5,229498.75,237875,251237.5,260000,248987.5,261250,275000,275687.5,287125,317498.75,361250,403486.25,430812.5,439500,437625,453625,496000
E12000007,London,E09000007,Camden,"113,625",119375,138250,154000,176875,219000,246748.75,262681.25,279500,290906.25,317750,344750,389350,431237.5,419187.5,451106.25,487500,490000,546375,642500,685250,740137.5,748218.75,770000,772750,795500,776666.6667
E12000007,London,E09000008,Croydon,"60,000",62125,68237.5,76125,84250,100375,120625,140000,165375,181250,191625,198737.5,216912.5,227918.75,210625,212500,220000,225250,234237.5,252487.5,290250,328487.5,355750,375125,384243.75,390000,413666.6667
E12000007,London,E09000009,Ealing,"75,000",77250,85500,98737.5,114500,138487.5,155237.5,177625,207050,224000,236125,242125,257737.5,278112.5,252000,273487.5,283812.5,300500,322018.75,361075,412750,455625,477487.5,470625,471062.5,482062.5,526666.6667
E12000007,London,E09000010,Enfield,"66,000",67499.5,75000,82375,89498.75,105625,123250,141750,171748.75,187000,199500,205062.5,223625,236425,226250,233250,241000,243500,250000,273750,313750,367500,403062.5,401250,406875,417500,454166.6667
E12000007,London,E09000011,Greenwich,"61,500",62500,64748.75,71625,82748.75,101031.25,116986.25,138800,162123.75,175875,193562.5,204373.75,216998.75,230750,220625,237500,248123.5,246875,257487.5,303125,330345,380000,413519.5,427500,451900,458125,459333.3333
E12000007,London,E09000012,Hackney,"61,925",64687.5,71747.5,83550,100337.5,127250,149562.5,172500,191500,207500,219987.5,235000,253623.75,269937.5,265500,290500,297500,316250,357000,410443.75,458986.25,527514.75,532664,545725,567795,625950,591666.6667
E12000007,London,E09000013,Hammersmith and Fulham,"109,000",117368.75,129000,152312.5,173993.75,212625,235000,253000,274625,295875.25,314375,340000,388125,427500,410625,448047.5,459437.5,477500,530305,614906.25,717556.75,734950,758750,784250,735250,760000,758916.6667
E12000007,London,E09000014,Haringey,"66,500",69237.5,76750,88000,99875,124000,142500,165736.25,189437.5,203875,222000,229956.25,252862.5,268000,250000,277750,300750,309437.5,324987.5,377156.25,424998.75,454625,515625,529000,514500,513125,547991.6667
E12000007,London,E09000015,Harrow,"80,000",80750,88558.5,102712.5,116062.5,138612.5,157500,182993.75,218750,238362.5,248750,249874.25,270750,283500,253203.75,278431.25,294750,298000,314375,350000,388000,435956.25,491250,481875,462000,469625,529333.3333
E12000007,London,E09000016,Havering,"66,250",67373.75,71375,78975,86750,100250,117250,134625,163531.25,182500,193125,199250,215125,225825,206125,213437.5,220686.25,219437.5,229250,245498.75,273748.75,317000,346250,358750,363250,376125,398333.3333
E12000007,London,E09000017,Hillingdon,"71,000",71500,76600,85250,96987.5,117362.5,133812.5,155225,183500,202500,216687.5,224625,237500,246993.25,233987.5,242249.75,249987.5,249436.25,262987.5,289437.5,333562.5,382500,412498.75,415000,415500,425062.5,457500
E12000007,London,E09000018,Hounslow,"73,000",72975,76500,89500,104442.25,125500,140375,163980.75,189487.5,209000,220000,228562.5,244861.25,249750,240498.75,246231.25,250000,256250,276250,304737.5,335625,383250,383737.5,407500,409500,423312.5,454666.6667
E12000007,London,E09000019,Islington,"95,000",98880.75,112000,134250,158125,190687.5,210375,231250,247000,249737.25,262080,283250,326955,355000,342500,367625,399998.75,403750,441249.75,500250,567625,604000,617875,596000,600000,633749.75,633550
E12000007,London,E09000020,Kensington and Chelsea,"172,500",185000,213250,239000,263750,320712.5,356925,382743.75,400375,436125,462500,499987.5,603000,675000,679137.25,724243.75,780397.5,848750,948625,1111874.75,1195156.25,1191250,1287499.75,1418750,1304375,1281307.5,1235059
E12000007,London,E09000021,Kingston upon Thames,"81,000",84625,90486.25,103487.5,119350,144500,163500,185987.5,210906.25,227500,239875,244612.25,272493.75,292000,269243.75,290000,300000,307750,328750,364687.5,400782.5,444500,478750,486250,487500,496250,535898
E12000007,London,E09000022,Lambeth,"66,188",70999.5,80993.75,94000,112625,143687.5,168343.75,184487.5,202293.75,213500,225375,238750,262500,281250,268750,295018.75,304375,315187.5,337500,395762.5,443250,494612.5,513750,525625,526750,556177.5,565666.6667
E12000007,London,E09000023,Lewisham,"55,973",56750,61248.75,68843.75,76875,92622.5,113750,134500,157750,173875,183900,195893.75,215625,228375,217750,227000,236748.75,244500,252500,292737.5,342000,380287.5,412837.5,417159.75,427562.5,433375,471333.3333
E12000007,London,E09000024,Merton,"74,500",77000,82624.5,92800,110487.5,132525,150958.25,174500,196706.25,215500,230737.5,238637.5,252998.75,267000,249000,276493.75,290312.5,288250,309500,360500,399750,449250,455687.5,473500,471750,486243.75,540000
E12000007,London,E09000025,Newham,"46,950",48000,53623.75,60623.75,67623.75,83998.75,102750,129250,161874.75,182000,193648.75,206000,222500,237498.75,209125,212750,218000,219250,225125,243562.5,288162.5,338500,383000,408000,411937.5,412275,431583.3333
E12000007,London,E09000026,Redbridge,"67,873",68998.75,74187.5,82248.75,91375,110000,130000,154625,185062.5,210375,221500,231500,248250,252493.75,236750,241250,250000,259125,270750,288750,332500,375000,411250,427750,425937.5,436000,485416.6667
E12000007,London,E09000027,Richmond upon Thames,"108,000",114062.5,127293.75,150125,171875,204600,223343.75,241225,258750,283250,296487.5,315000,359250,386868.75,360687.5,396750,412062.5,425687.5,455875,504987,561875,599987.5,629743.75,635612.5,638750,660875,700000
E12000007,London,E09000028,Southwark,"71,000",71437.5,79646.25,92750,111750,141625,172500,185475,199743.25,217875,234548.25,242500,260748.75,282000,283250,299375,320250,325625,343750,388112.5,452500,500612.5,528125,548625,558750,537562.5,559949.3333
E12000007,London,E09000029,Sutton,"67,000",67375,72375,81531.25,92375,111225,126731.25,145875,169862.5,181875,197237.5,205931.25,222875,237730,215750,224250,234500,237000,248425,266750,308062.5,339375,358487.5,379250,385000,392237.5,430166.6667
E12000007,London,E09000030,Tower Hamlets,"67,500",70750,88498.75,105862,129237.5,153625,178125,194125,208312.5,221462.5,239447,243498.75,268750,297487,281250,301125,301107,300525.25,316834.25,366700,404955,455668.75,482220.5,491248.75,487776.25,512850,528850
E12000007,London,E09000031,Waltham Forest,"55,000",55250,59375,68031.25,75873.75,89375,108875,135500,164062.5,182250,195250,206142.25,228937.5,239250,214875,223687,230375,238000,252000,295000,353237.5,404250,438066.75,448325,444100,460812.5,498333.3333
E12000007,London,E09000032,Wandsworth,"85,500",90765.75,101612.5,118512.5,140500,172750,196062.5,220500,240750,254362.5,271775,294500,340625,358362.5,342962.5,369987.5,386125,402123.75,442146.75,507500,543750,616000,650873.75,628818.75,621625,656250,651666.6667
E12000007,London,E09000033,Westminster,"127,375",129625,150750,172493.75,200000,241125,270000,305000,322500,338037.5,363743.75,401699.75,443750,494987.5,491249.75,550312.5,598830,607500,706437.5,812500,890687.5,968050,1057393.75,1041292.75,962500,979599.25,874500
E12000008,South East,E06000035,Medway,"46,000",47250,50748.75,54500,57998.75,66375,76372,89000,111487.5,127593.75,136500,139749.5,153000,158750,143937.5,149250,150125,150873.75,158000,165750,182875,208750,229500,241275,246750,252700,270915
E12000008,South East,E06000036,Bracknell Forest,"75,000",76862,80612.5,92499.5,100968.75,117500,131862.5,151250,172187,178487.5,186968.75,197087.5,213875,222375,206125,225875,225800,231437.5,240362.5,255250,281375,315000,333750,335437.5,348000,353062.5,373333.3333
E12000008,South East,E06000037,West Berkshire,"75,000",76993.75,81793.75,92131.25,106686.25,125874.5,143612.5,161762.5,182250,197742.5,211562.5,218125,240112.5,246487.5,231675,238737.5,246550,244250,249986.25,253250,282993.75,321000,336487.5,344000,348743.75,345625,377833.3333
E12000008,South East,E06000038,Reading,"56,950",57587.5,61875,71418.75,82375,105350,119987.5,137100,154998.75,164062.5,177125,178737.5,195612.5,203037.5,188050,190750,192500,193875,200987.5,218737.5,242612.5,273343.75,294897.5,307500,307812.5,304375,321833.3333
E12000008,South East,E06000039,Slough,"55,500",55987.5,60250,69362.5,77237.5,90000,107100,122723.75,143111.25,161375,173500,176875,189000,197362.5,182686.5,183275,190250,193625,206250,218250,242250,276375,310687,320000,320250,326181.25,348833.3333
E12000008,South East,E06000040,Windsor and Maidenhead,"94,950",97331.25,109775,127750,142875,169993.75,193375,212375,239500,249725,268552.5,280250,301750,314250,298412.5,314625,326187.5,328000,336812.5,366750,409987.5,446540.75,477500,468525,462500,488061.25,516666.6667
E12000008,South East,E06000041,Wokingham,"85,950",87500,96987.5,112862.5,128112.5,149487.5,166500,187118.75,214375,227500,240143.75,245987.5,267562,276171,249987.25,264487.5,273750,276500,280250,305987.5,359650,402436.25,420625,423750,418343.75,422221.5,444333.3333
E12000008,South East,E06000042,Milton Keynes,"52,995",52936.25,56730.75,61248.75,66737.5,77248.75,90061.25,108556.25,129934.5,146873.75,158850,163248.75,173748.75,177412,161950,176250,178562,179375,189249.5,199487.5,220925,245375,263750,279000,286000,297156.25,318708.3333
E12000008,South East,E06000043,Brighton and Hove,"52,000",53675,58112.5,65062.5,74737.5,90987.5,113250,138362.5,160675,175000,190125,199487.5,226000,236748.75,214750,231250,240500,241237.5,248750,263750,292000,315687.5,342937.5,347437.5,356375,364241.25,408166.6667
E12000008,South East,E06000044,Portsmouth,"47,500",47687.5,50925,55625,59248.75,68375,78362.5,93711.25,116125,130000,137986.25,141500,151875,156628.25,144062.5,149500,149431.25,149998.75,151000,159750,169493.75,183249.5,198062,210187.5,211125,217125,233833.3333
E12000008,South East,E06000045,Southampton,"48,350",49000,52375,57550,61736.25,73068.75,85462.5,104362.5,127497.5,141987.5,149749.75,152625,160881.25,162312.5,150250,159987.5,161812.5,159987.5,158987.5,165625,177550,188748.75,205250,211500,213500,220750,228333.3333
E12000008,South East,E06000046,Isle of Wight,"47,500",48250,51312.5,55987.5,61931.25,71362.5,82500,100525,126181.25,144125,158750,163750,176282.25,179250,166500,173753.5,172250,170812.5,171000,178050,183125,189500,200062.5,202250,211875,220750,256000
E12000008,South East,E06000060,Buckinghamshire,"85,000",85250,90237.5,102123.75,115375,131373.75,149412.5,167362.5,190368.25,210225,224375,234625,248100,255500,246499.75,260000,270487.5,269250,276250,294362.5,316943.25,344405.25,375500,385000,387500,399375,434000
E12000008,South East,E07000061,Eastbourne,"50,000",50375,53500,57750,62486.25,75862.5,89987.5,111362.5,137500,155375,164000,165500,175000,185000,167243.75,177250,177000,173812.5,173250,182125,197362.5,214500,227862.5,235737.5,241875,247687.5,273000
E12000008,South East,E07000062,Hastings,"41,000",42575,45862.5,47987.5,51737.5,59487.25,67312.5,81743.75,101562.5,121862.5,130737.5,135875,144987.5,150250,140625,145981.25,146250,150125,154000,161000,167125,184987.5,202500,217112.5,223000,232493.75,261666.6667
E12000008,South East,E07000063,Lewes,"60,000",61500,67743.75,73987.5,81625,93375,115125,134500,159000,179362.5,194375,202000,220731.25,232625,212112.5,218375,229518.75,228625,235000,245537.5,266368.75,288875,305750,320862.5,321250,325500,363166.6667
E12000008,South East,E07000064,Rother,"60,000",61250,67875,73556.25,78750,90250,106812.5,125500,155875,173568.75,182987.5,191000,203500,220437.5,204241.25,215000,217500,215812.5,222500,228737.5,242749.25,260623.75,272750,283250,289000,311062.5,346875
E12000008,South East,E07000065,Wealden,"70,000",72112.5,76375,85612.5,94000,108612.5,124375,141500,173875,190306.25,205625,212437.5,224937.5,237539.5,219925,233562,237250,231618.25,239998.75,247862.5,263000,283737.5,305374.5,314987.5,316687.5,326625,370000
E12000008,South East,E07000084,Basingstoke and Deane,"67,500",69812,73487.5,82862.5,93625,112762.5,126462.5,142987.5,162248.75,181611.25,191612.5,187250,205186.25,210812.5,194625,206500,211088.5,217625,223125,234562.5,245750,270375,298625,316118.75,310486.25,312500,338331.6667
E12000008,South East,E07000085,East Hampshire,"76,998",78737.5,80086.25,88500,107112.5,125500,141625,161782.75,188750,206650,223125,229625,246093.75,248749.75,236000,258750,267500,254362.5,265493.75,283737.5,305889.75,335000,358750,364987.5,373875,370000,414500
E12000008,South East,E07000086,Eastleigh,"60,000",61937.5,66500,72625,79212.5,93800,109862.5,128487,153362.5,172000,181125,184625,192944,201750,185500,193612.5,199992.5,204243.75,210000,218250,234987.5,256198.75,278000,292531.25,298750,301250,318333.3333
E12000008,South East,E07000087,Fareham,"66,000",67125,71873.75,78531.25,86362,99418.75,116931.25,134862.5,158237.5,173250,182600,187513,199500,205493.25,190062.5,199987.5,202250,209375,211625,222497.5,240186.25,253623.75,278125,286750,287431.25,298605,319333.3333
E12000008,South East,E07000088,Gosport,"48,000",48249.5,50493.25,52750,55748.75,63735,76668.75,91993.25,116250,128617,137375,139237.5,144593.75,148311.25,139861.25,142000,142381.25,145373.75,148562.5,155187.5,164875,176487.5,195187.5,204562.5,205237.5,213250,229000
E12000008,South East,E07000089,Hart,"85,500",88400,97892.5,112868.75,123487.5,147000,168343.75,187112.5,211625,227750,238112.5,239762.5,264112.5,276225,253730.75,264687.5,281562.5,287875,297500,321000,356250,382475,400187.5,396875,393750,411000,432666.6667
E12000008,South East,E07000090,Havant,"57,000",58975,64930.75,71500,75967.5,84862.5,98187.5,119747.5,138593.75,158033.25,166562.5,174000,184781.25,187056.25,175430,186235,185031.25,185750,191930,212498.75,224000,242500,259618.75,262125,266625,282250,312583.3333
E12000008,South East,E07000091,New Forest,"69,950",72499.5,77250,83662.5,93987.5,112737.5,129998.75,148237.5,179999.5,200487.5,217437.5,222862.5,236125,240250,224125,237500,244125,244986.25,245000,252218.75,276500,295562.5,311493.75,323750,326875,341000,379333.3333
E12000008,South East,E07000092,Rushmoor,"62,950",63925,68850,76986.25,84987.5,101425,115025,130618.75,152375,163237.5,174750,177187.5,189656.25,200862,182687.5,190987.5,203000,199987.5,204368.75,220475,242750,271237.5,296237.5,296875,298750,301581.25,326833.3333
E12000008,South East,E07000093,Test Valley,"71,000",73362.5,79250,91737.5,97237.5,113125,129750,149000,171731.25,191000,200742.75,213562.5,226687.5,235998.25,217125,232562.5,236748.75,234875,234875,239612.5,254243.25,277123.75,293148.75,306748.75,303750,311250,330000
E12000008,South East,E07000094,Winchester,"86,500",88518.75,92375,107590.75,117937.5,141681.25,163981.25,188368.75,207500,231750,247312.5,249475,265737.5,283750,254062.5,278250,296375,291000,305000,319125,346750,359594.75,399375,413500,413187.5,422500,469983.3333
E12000008,South East,E07000105,Ashford,"59,995",66143.75,68336.25,72998.75,79123.75,93500,110375,123873.75,145250,161873.75,170500,178474.5,190898.75,196125,178750,186056.25,183250,182000,193499.5,210306.25,229487.5,241625,263681.25,281250,282750,297312,310999.3333
E12000008,South East,E07000106,Canterbury,"56,000",56745.5,60330.75,66875,73361.25,83718.75,98150,119875,146250,168000,180000,182737.5,195123.75,200073.75,177998.75,193623.75,202500,202500,206625,221743.75,237875,260625,281562.5,296248.75,300623.75,311375,339166.6667
E12000008,South East,E07000107,Dartford,"59,125",59747.5,60498.75,65873.75,71750,83343.25,95250,115187.5,142250,157558.25,165998.75,175623.75,187750,198123.75,178500,179250,185000,193060.75,198872.5,211174.5,241562.5,273187.5,303986.25,309062.5,309249.5,318102,328333.3333
E12000008,South East,E07000108,Dover,"50,000",50875,53250,56125,60250,66737.5,74250,88249.5,109625,131000,146668.75,148998.75,162368.75,168250,154375,162250,158499.5,159373.75,164687.5,178750,190187.5,208673.75,224862,241637.5,249125,253250,278333.3333
E12000008,South East,E07000109,Gravesham,"57,950",58487.5,60498.75,67250,71500,80622.5,92500,112750,133343.75,151487.5,161125,163989.5,175248.75,182250,168557.5,175748.75,178749,180375,186956.25,197865,219250,251375,277250,291000,292250,298750,326666.6667
E12000008,South East,E07000110,Maidstone,"65,000",66125,72125,77987.5,82873.75,97793.75,116340.75,129375,152500,172437.5,179748.75,186500,202750,209014,186250,197500,200625,201750,206875,218150,241750,265137.5,289498.75,307062,312500,318250,335416.6667
E12000008,South East,E07000111,Sevenoaks,"80,000",81993.75,90816.25,103500,116312.5,132500,153060,172000,197250,222487.5,235250,244373.75,260000,270237.5,249373.75,257250,275250,285125,292500,305968.75,343125,363750,379750,412063,397250,411250,435583.3333
E12000008,South East,E07000112,Folkestone and Hythe,"50,000",52381.25,55750,60450,65875,73612.5,80986.25,96487.5,122343.75,143112.5,158737.5,163750,175437.5,184811.25,170250,175000,177250,176373.75,179375,183625,198000,215500,242487.5,249998.75,256937.5,266812.5,298998.3333
E12000008,South East,E07000113,Swale,"47,500",48875,52250,56873.75,62310.5,71873.75,81362.5,97997.5,121248.75,136387.5,147492.5,153711.25,163125,165748.75,153500,156550,156875,158243.25,162500,176000,188497,214250,234492.75,242562.5,250000,251750,275202.3333
E12000008,South East,E07000114,Thanet,"45,750",45681.25,48187.5,51125,55000,62231.25,73250,85625,108625,127500,141437.5,151500,161899.25,164875,153000,157000,155500,153750,156312,167050,178062.5,193875,213987.5,229875,236937,246250,277500
E12000008,South East,E07000115,Tonbridge and Malling,"69,950",72750,81686.25,90937.5,98868.75,117806.25,132681.25,152625,176737.5,194987.5,207936.25,218562,235625,239625,215875,229874.5,238750,234812.5,245049.5,260500,285375,314310.75,336875,346000,350000,353000,371833.3333
E12000008,South East,E07000116,Tunbridge Wells,"73,500",72781.25,75750.25,87875,99865,118675,131450.75,152469,176206.25,199125,219500,227000,242000,241875,223000,248750,243525,248400,250000,258000,293748.75,330625,353500,369031.25,377568.75,390812.5,435650
E12000008,South East,E07000177,Cherwell,"60,000",61125,65362.5,71112.5,82198.75,98350,115493.25,129801.25,152918.75,168625,175250,181375,193499.5,203117.5,189500,200437,209112.5,210375,217500,235906.25,256237.5,289987.5,300992.5,311750,311572.5,306875,328333.3333
E12000008,South East,E07000178,Oxford,"74,000",76325,80000,93250,107000,129250,146625,167375,197076.25,216875,225250,231868.75,247750,260625,242062.5,251237.5,258625,265750,283062.5,302499.75,334375,370000,391375,393502.5,394125,401000,426666.6667
E12000008,South East,E07000179,South Oxfordshire,"78,000",80875,86375,94487.5,109375,131000,150375,170500,200568.75,215937.5,228612.5,238862.5,261237.5,268312.5,249624.75,267487.5,274500,274562.5,278177.75,292750,320187.5,352487.5,377900,385625,388750,392500,431666.6667
E12000008,South East,E07000180,Vale of White Horse,"72,500",73000,80499.5,90975,101114.25,119487.5,139937.5,160612.5,184748.75,196375,209875,222487.5,240737.5,247375,225625,238749.75,245000,248748.75,250000,271043.75,295000,322500,340375,349498.75,339750,347250,366333.3333
E12000008,South East,E07000181,West Oxfordshire,"72,500",74500,80793.75,91250,103750,124331.25,133862.5,155048.75,182612.5,196811.25,201999.5,210249.5,226750,229000,212300,223868.75,234750,238743.75,245000,251612.5,277500,301250,327500,336875,341125,348000,363333.3333
E12000008,South East,E07000207,Elmbridge,"108,000",109500,118056.25,141487.5,157750,188112.5,221487.5,237168.75,251237.5,276425.5,291237.5,315150,343750,366362.5,353062.5,384625,392550,398125,430687.5,446875,486375,524250,563875,571250,580250,584062.5,621666.6667
E12000008,South East,E07000208,Epsom and Ewell,"90,500",91437.5,99618.75,116993.75,128500,150737.5,172475,196250,222812.5,238750,249875,266750,287625,288175,256437.5,296293.75,317187.5,316437.5,321875,348557,397000,443375,467187.5,473750,470500,482437.5,519333.3333
E12000008,South East,E07000209,Guildford,"83,000",85500,92618.75,107055.75,123000,145711.25,166118.25,183237.5,208186.25,229625,242737.5,248806.25,267500,282737.5,250000,288750,299487.5,301937.5,315000,330250,365368.75,409181.25,422500,447375,434993.75,449187.5,485250
E12000008,South East,E07000210,Mole Valley,"101,500",107000,113437.5,125987.5,142125,166562.5,188500,215375,242597.5,255174.5,283125,291247.5,294075,321750,305000,330618.75,348437.5,356000,377749.5,385743.75,421562.5,465000,496237.5,484993.75,476118.75,516062.5,566666.6667
E12000008,South East,E07000211,Reigate and Banstead,"80,000",80437.5,86862.5,100487.5,113250,135806.25,154312.5,169500,196987.5,219743.75,232500,239875,252993.25,261500,244737.5,269623.75,275624.5,263750,286437,311250,342562.5,374681.25,393750,400750,412000,425000,454833.3333
E12000008,South East,E07000212,Runnymede,"84,000",85300,89987.5,107725,123431.25,142743.75,158737.5,176625,203312.5,221737.5,233125,239625,256570,271380.75,253062.25,253737.5,268181.25,260675,271875,305987.5,332875,368112.5,394987.5,402125,395437.5,409712.5,438598.3333
E12000008,South East,E07000213,Spelthorne,"80,000",80337.5,83737.5,95375,110481.25,127987.5,147737.5,169475,191250,203125,211875,222375,239125,246187.5,234875,239806.25,248237.5,249975,256250,278587.5,314112.5,358250,389331.25,384250,388175,400000,428333.3333
E12000008,South East,E07000214,Surrey Heath,"89,000",93237.5,100487.5,112017.25,128237.5,147743.75,164862.5,183625,220112.5,232581.25,237556.25,239618.75,259437.5,265237.5,249300,267000,276250,279562.5,293737.5,309875,340925,365375,394750,411750,421437.5,429312.5,453083.3333
E12000008,South East,E07000215,Tandridge,"85,000",87368.75,99750,115250,124043.75,145591.75,158500,182550,216937.5,236250,244055,254737.5,269750,277475,250000,285750,300368.75,285937.5,300000,327155.25,368734.5,388737.5,413750,412875,427322.5,442000,478333.3333
E12000008,South East,E07000216,Waverley,"89,000",93718.75,103750,121812.5,131500,156000,173875,194500,225125,242000,251875,269612.5,292487.5,306000,288493.75,310000,327362.5,327750,339987.5,355312.5,386312.5,421250,437000,470243.75,463750,478750,514416.6667
E12000008,South East,E07000217,Woking,"75,950",79493.75,84337.5,93737.5,107750,133987.5,147312.5,165487.5,191862.5,208906.25,221036.25,233700,247487.5,250000,242500,249562.25,253375,252500,268062.5,284112.5,329987.5,366250,399937.5,393750,385625,401000,445000
E12000008,South East,E07000223,Adur,"53,000",53750,59862.5,68625,75125,87625,106987.5,124861.25,147250,164000,178237.5,184987.5,200375,210562.5,186593.75,198000,203500,208750,218750,229000,255500,281243.75,298187.5,305125,313750,316250,338150
E12000008,South East,E07000224,Arun,"58,000",58737.5,63362.5,71875,78500,88875,105250,127300,152375,171250,179862.5,183000,200237.5,208250,190487.5,203000,204875,206000,214562,224375,237748.75,260372.5,273748.75,286243.25,285500,288625,322333.3333
E12000008,South East,E07000225,Chichester,"74,995",75500,81680.25,93679.5,102850,122500,138250,156500,190437.5,220000,231250,238374.5,248612.5,251250,242750,252748.75,267750,265750,272562.5,285875,308118.75,332737.5,353250,368062.5,359993.75,378687.5,413333.3333
E12000008,South East,E07000226,Crawley,"59,000",59437.5,64750,74500,80062.5,93125,107500,122500,143737.5,161480.75,172625,174250,190600,201712.5,178499.75,178750,181557.25,185125,195000,217250,242487.5,263443.75,280375,292156.25,292000,294000,310000
E12000008,South East,E07000227,Horsham,"80,500",81750,88112.5,96375,110875,130125,143612.5,167742.5,194125,213062.5,225244.25,233863,248231.25,252487.5,234250,254250,260937.5,269487.5,281875,302612.5,333725,354987,367000,378125,377187.5,394218.75,420833.3333
E12000008,South East,E07000228,Mid Sussex,"73,000",74125,79750,90506.25,100193.75,120736.25,138875,155987,183250,205850,218237.5,222625,240475,248737.25,234312.5,243555.75,249843.75,249093.75,263750,284000,312498.75,344187.5,365250,367500,378750,378625,406666.6667
E12000008,South East,E07000229,Worthing,"52,500",52256.25,57362.5,65000,69736.25,82862.5,94500,115925,143000,159125,165661.75,173125,189000,194118.75,175593.75,191987.5,197480.75,197493.25,201487.5,217618.75,238750,256500,275362.5,291687.5,288503.25,292987.5,327833.3333
E12000009,South West,E06000022,Bath and North East Somerset,"62,500",64375,68475,75737.5,83562.5,102125,118737.5,137474.5,165987.5,182750,195275,202750,223000,227250,204173.5,223500,231625,228750,233625,244237.5,262000,289250,315783.25,324083.25,325747,330622,364416.6667
E12000009,South West,E06000023,"Bristol, City of","47,500",48625,52575,57000,63225,73742,84986.25,103875,128835.75,140375,149625,155975,170375,174221.5,162000,168737.5,172125,171500,175525,187250,205156.25,232873.75,253249.5,262875,267750,279093.75,311916.6667
E12000009,South West,E06000024,North Somerset,"57,000",57375,60112.5,65581.25,70625,81875,92406.25,107487.5,130861.25,151168.75,163737.5,170487.5,183748.75,189998.75,177487.5,187750,185612.5,183625,188593.75,198625,213500,222750,236806.25,250500,255743.75,268250,299500
E12000009,South West,E06000025,South Gloucestershire,"55,950",56499.5,59123.75,64737.5,71125,81500,92500,110487.5,133237.5,147500,160000,164555,180743.75,186248,169593.75,181250,181500,184000,187605.75,198443.75,219250,237562.5,254875,266375,273750,284000,299000
E12000009,South West,E06000026,Plymouth,"44,950",44368.75,46112.5,47500,48868.75,52625,59750,74487.5,89487.5,110625,129743.75,135750,147237.5,146625,138500,145000,142875,143250,144562.5,152750,160987.5,164531.25,168750,175625,177375,181812.5,193333.3333
E12000009,South West,E06000027,Torbay,"51,000",51237.5,53000,56475,60112.5,68237.5,78487.5,92862.5,117937.5,138987.5,153500,157487.5,168750,170875,158250,161062.5,161250,158781.25,160500,166218.75,174000,179437.5,188125,194750,197375,203000,226666.6667
E12000009,South West,E06000030,Swindon,"53,000",53723.75,57175,61498.75,67625,78743.25,91237.5,108475,124174.5,132750,139123.75,145612.5,156455.75,156873.75,143250,153475,152250,150250,153743.25,160998.75,173000,191750,211000,225750,230124.5,228250,239983.3333
E12000009,South West,E06000052,Cornwall,"49,000",50112.5,53931.25,57862.5,62112.5,70962.5,80875,99487.5,132487.5,157868.75,175000,179493.75,192000,194875,178000,184625,187125,184750,184500,189625,198000,207750,214362.5,222125,226499.5,238250,269610
E12000009,South West,E06000053,Isles of Scilly,"119,750",123556.25,110618.75,153937.5,135625,187931.25,184375,190625,257406.25,317187.5,280000,346875,345000,294375,333750,266875,329375,355000,323437.5,246243.75,293750,276875,316875,324062.5,362187.5,323750,376666.6667
E12000009,South West,E06000054,Wiltshire,"62,000",62987.5,67500,73675,81212.5,94362.5,111437.5,127362.5,149375,166487.5,177756.75,182750,195223.75,199037,186250,196750,202000,201750,200264.75,209862.5,223737.5,239891.25,257487.5,269487.5,273314,277186.25,300333.3333
E12000009,South West,E06000058,"Bournemouth, Christchurch and Poole","58,000",59000,63750,71987.5,78612.5,91237.5,106987.5,127068.75,154125,176237.5,186125,191750,207187.5,213375,192750,203500,208625,209125,211000,221000,235750,247562.5,261875,271737.5,280400,286100,322500
E12000009,South West,E06000059,Dorset,"63,500",65125,71000,77237.5,84956.25,99736.25,117112.5,136225,166712.5,188125,199750,207125,226975,233750,213112.5,221875,228000,229500,230625,237175,247487.5,262000,278243.25,285000,285000,295625,329666.6667
E12000009,South West,E07000040,East Devon,"59,950",60659.25,66237.5,70675,76750,87743.75,100000,127200,158500,181030,194250,199125,216987.5,224750,210000,221556.25,224687.5,222430.75,218387.5,225625,238875,241750,259998.75,275500,278748.25,283623.25,314166.6667
E12000009,South West,E07000041,Exeter,"52,500",52950,54875,57456.25,60281.25,70500,80612.5,101481.25,129156.25,151487.5,162056.25,167237.5,179000,182862.5,172375,178712.5,184362.5,182375,187408.25,196918.75,215687,225000,239000,248900,249986.25,255375,274000
E12000009,South West,E07000042,Mid Devon,"55,000",56627.5,59712.5,62375,66625,78156.25,89250,111300,134686.75,157018.75,170333.75,171087.5,184337.5,190875,175481.25,180280,184125,181875,187611.25,186937.5,198875,206875,219424.5,232437,234562.5,248000,271741.6667
E12000009,South West,E07000043,North Devon,"53,425",52687.5,56500,59850,66375,76906.25,88600,110000,136350,161425,179737.5,183400,196875,195750,179250,188873.75,187750,188250,190812.5,198481.5,209187.5,217249.75,226437.5,235862.5,247561.25,255731.25,276666.6667
E12000009,South West,E07000044,South Hams,"64,500",66375,68123.75,75781.25,81437.5,90875,109500,135137.5,168687.5,191250,219000,226937.5,244775,252061.25,231250,243237.5,241500,232687.5,240225,247500,266493.75,275625,278750,291937.5,294062.5,307056.25,352666
E12000009,South West,E07000045,Teignbridge,"56,500",56625,59437.5,65162.5,69731.25,78037.5,89812.5,112625,140487.5,162625,179243.75,184475,197062.5,196250,183875,192487.5,195362.5,194750,196736.25,205250,216312.5,223937.5,236500,244812.5,248737.5,252000,278333.3333
E12000009,South West,E07000046,Torridge,"48,500",49375,51487.5,56962.5,62050,71625,82987.5,103043.75,132106.25,157810,171612,172475,181850,186700,173737.5,183493.75,181312.5,176831.25,178175,183112.5,195393.75,199975,206937.5,217375,222237.5,229368.75,259333.3333
E12000009,South West,E07000047,West Devon,"55,000",58000,60987.5,64250,69481.25,78612.5,91737.5,116125,142475,166437.5,184375,192750,208675,208750,186181.25,185675,188431.25,190368.25,192500,192000,204750,214562.5,216687.5,228125,243375,257737.5,286666.6667
E12000009,South West,E07000078,Cheltenham,"57,000",57687.5,60737.5,66623.75,74931.25,88237.5,104500,122843.75,141875,161231.25,173618.75,179987.5,186744,191250,176250,192812.5,197081.25,197812.5,201875,211750,223500,232250,254312.5,264294.25,271118.75,270375,307325
E12000009,South West,E07000079,Cotswold,"78,000",80250,86612.5,95000,110500,130375,138875,159500,190000,217937.5,238375,245062.5,253875,265000,250000,273062.5,266875,259687.5,268250,287000,305625,327750,346368.25,350000,349375,361250,406000
E12000009,South West,E07000080,Forest of Dean,"50,000",52050,56625,60937,64875,71000,81250,96187.5,120350,140187.5,156250,163500,176750,182993.75,165375,171125,174248.75,167187,162500,167125,178681.25,186993.75,198750,211500,227125,238625,273000
E12000009,South West,E07000081,Gloucester,"46,500",47375,50116,54187.5,57624.5,62350,71312.5,84375,105500,122737,132187.5,138237.5,152750,153737,140742,143569.25,140931.25,143174.5,145125,153500,162749.5,172250,181493.75,190187.5,200875,209625,222666.6667
E12000009,South West,E07000082,Stroud,"58,000",58412.5,61250,67812.5,75237.5,85450,100737.5,117242.5,143725,167487.5,179106.25,180567.75,197000,198750,186973.75,187624.5,190468.75,188000,192375,203149.5,218375,228373.75,245936.75,269625,266875,278750,310000
E12000009,South West,E07000083,Tewkesbury,"59,950",61000,64737.5,70699.25,74806.25,84992.75,97125,116125,140187,157181.25,167812.5,171056.25,186975,194375,172000,182498.75,187337,187236.25,194125,205750,221748.75,234854.5,247406.25,267310,269998.75,273250,300666.6667
E12000009,South West,E07000187,Mendip,"53,000",54375,58225,61625,68862.5,78500,87125,108237.5,130499.5,151987.5,165475,166987.5,181862.5,187112.5,172125,178243.75,181425,179145.75,183500,191249.5,206862.5,225125,241487.5,256062.5,262606.25,269136.25,294500
E12000009,South West,E07000188,Sedgemoor,"51,000",52156.25,55500,58987.5,62750,73750,80087.5,95750,117712.5,140237.5,153750,155687.5,167780,173123.75,158250,165437,163487.5,165750,167500,168743.75,176280,186125,204000,211000,215750,221000,240000
E12000009,South West,E07000189,South Somerset,"51,000",52375,56481.25,60331.25,66725,77500,87225,100625,128112.5,150250,162868.75,164375,176875,179750,169187.5,175000,175000,174500,175230,180875,189500,194328.25,208687.5,218000,221499.5,231125,256533.3333
E12000009,South West,E07000246,Somerset West and Taunton,"55,000",56243.75,59112,63375,68123.75,78286.25,86125,106125,132475,152362.5,168237.5,167375,180737.5,184000,172500,182786.25,182362.5,179375,182625,188374.5,199237.5,203067.5,212862.5,224493.75,227997.5,234717,258333.3333
W92000004,Wales,W06000001,Isle of Anglesey,"45,000",45250,48300,49456.25,50625,54750,57248.75,65875,80737.5,107250,128125,138750,154812.5,153500,146811.25,150000,144875,146437.5,145868.75,146687.5,153056.25,161562.5,164500,169481.25,170862.5,182750,196000
W92000004,Wales,W06000002,Gwynedd,"40,425",40437.5,42875,44625,47000,50750,54256.25,59862.5,75862.5,99875,124312.5,136625,144125,146562.5,137000,138500,134437.5,135750,136500,135750,142875,145375,147937.5,154500,157062.5,160000,173000
W92000004,Wales,W06000003,Conwy,"44,500",45762.5,47125,50437.5,52500,56987.5,60331.25,69500,89112.5,116875,139875,142000,149750,148736.25,140748.75,145606.25,145750,140937.5,141237.5,146750,146093.75,149750,156500,159000,162942,170750,190666.6667
W92000004,Wales,W06000004,Denbighshire,"44,000",43675,44237.5,45000,45875,49712.5,53300.75,60612.5,77750,98737.5,117862.5,125243.75,130618.75,133800,125250,126737.5,126750,125000,124750,125000,131375,136550,138987.5,144312.5,147118.75,153937.5,171523.3333
W92000004,Wales,W06000005,Flintshire,"45,000",46181.25,49550,53500,54875,58712.5,62612.5,69000,84487.5,106237.5,125800,130612.5,140681.25,139618.75,135750,135000,135750,139424.5,138498.75,140368.25,150611.25,155243.75,157736.25,160250,164375,168625,178833.3333
W92000004,Wales,W06000006,Wrexham,"45,000",45875,47075,48687.5,50857.5,55506.25,60475,68350,84737.5,108625,124987.5,131812.5,139600,140981.25,134143.75,129868.75,129687.5,134981.25,131006.25,133249.5,138493.75,142593.75,145000,151500,154125,155623.75,165200
W92000004,Wales,W06000008,Ceredigion,"49,500",50612.5,52825,56250,58718.75,61487.5,68125,77800,98125,132681.25,151118.25,162875,175687.5,176987.5,164748.75,172250,171250,165312.5,161312.5,162500,167093.75,172062.5,175093.75,180862.5,185000,186625,208333.3333
W92000004,Wales,W06000009,Pembrokeshire,"45,000",44500,46175,47862.5,50362.5,54125,56843.75,68777.75,91362.5,120125,142237.5,151562.5,164875,166687.5,163125,163437.5,155171.75,154937.5,153311.25,151237.5,157375,159750,161186.25,168250,171812.5,180000,191666.6667
W92000004,Wales,W06000010,Carmarthenshire,"39,500",39700,40250,42875,44737.5,44443.75,47250,51373.75,64752.25,88125,113500,121762.5,130500,134750,125625,125500,125000,125000,121500,123250,129811.25,132498.25,135000,135868.25,141087.5,146500,163500
W92000004,Wales,W06000011,Swansea,"45,000",45125,47500,49597.25,50487.5,55000,57118.25,60862.5,73000,96750,118873.75,126000,131968.75,134987,132625,131805.75,128081.25,125250,124998.75,129750,132500,136500,139236.25,141125,149125,155968.75,170000
W92000004,Wales,W06000012,Neath Port Talbot,"37,375",37550,38100,38875,41125,42862.5,45125,46400,50300,67500,85343.75,91000,101750,107556.25,100875,95978,96700,97125,96375,100500,107250,105250,108250,113062.5,116500,122562.5,132000
W92000004,Wales,W06000013,Bridgend,"44,000",45400,46862.5,49125,51625,57125,58750,61398.5,73500,94237.5,113795,120875,125498.75,124606.25,120875,123112.5,123750,121437.5,124736.25,129086.25,136000,142250,147498.75,150512.5,154750,162498.75,176900
W92000004,Wales,W06000014,Vale of Glamorgan,"53,950",55723.75,58856.25,61162.5,66000,69487.5,71737.5,84750,103000,129555.75,143079.25,148437.5,157868.75,166625,163962,169000,166743.75,166375,172868.75,178125,185425,193312.5,207143.75,216248.25,219987.5,226999.5,251875
W92000004,Wales,W06000015,Cardiff,"50,000",51062.5,54487.5,58637.5,63625,70600,78018.75,92500,117250,137250,149987.5,152750,159561.5,158793.75,149000,157362.5,156625,158812.5,161875,165337,170250,177487.5,182250,194375,203500,213750,235000
W92000004,Wales,W06000016,Rhondda Cynon Taf,"36,000",35453.25,35625,36125,37750,39562.5,39000,43235,51087.5,65175,78812.5,86750,95248.75,95875,90500,90000,89834.5,90000,90248.75,94612.5,101375,109875,109500,109250,113250,116250,128333.3333
W92000004,Wales,W06000018,Caerphilly,"38,000",39811.25,42437.5,43587.5,44737.5,46987.5,49375,52862.5,63750,81912.5,96862.5,111250,119875,121562.5,107362.5,106750,109050,109500,111237.5,118500,119612.5,119500,123750,126718.75,133875,139750,152833.3333
W92000004,Wales,W06000019,Blaenau Gwent,"29,000",30987.5,32362.5,31000,31750,33875,32628.75,34987.5,36912.5,52375,70287.5,76981.25,83032,84500,76062.5,74250,72250,72375,71000,74000,76493.75,79986.25,81500,83856.25,88362.5,92250,105333.3333
W92000004,Wales,W06000020,Torfaen,"39,000",39406.25,40868.75,42987.5,44987.5,46000,48725,54750,67306.25,85862.5,98781.25,108487.5,119125,120625,112250,114937,117781.25,119687.5,118562.5,120250,121625,124874.75,131625,141937.5,151937.5,158250,163333.3333
W92000004,Wales,W06000021,Monmouthshire,"58,500",59431.25,61236.25,66875,71275,82500,90987.5,106875,129318.75,152872.5,172750,177181.25,188806.25,189373.75,176300,183062.5,188875,193749.5,187500,194625,211115,211250,224625,238243.75,250780,263175,288500
W92000004,Wales,W06000022,Newport,"45,000",44625,46725,48737.5,51781.25,57238,62125,72250,85875,108362.5,124562.5,130487.5,137831,135625,122125,122999.75,124987.5,124998.5,128093.25,134492.5,147118.25,152943.75,157500,161823.75,175361.25,179987.5,193833.3333
W92000004,Wales,W06000023,Powys,"48,000",49362.5,51562.5,53875,57062.5,62780.75,67715.25,76875,97062.5,129144,143896.25,152250,164000,164112.5,152000,161062.5,155499.5,156250,157500,160000,161750,165250,172375,177500,180625,182500,206666.6667
W92000004,Wales,W06000024,Merthyr Tydfil,"32,000",32587.5,32875,33437.5,32687.5,34700,36568.75,36850,40868.25,52325,69625,81000,89112.5,92375,87250,86092.5,85250,83931.25,85125,87875,89625,88243.25,96250,92375,98875,115375,120816.6667
