AREANM,AREACD,1997,1998,1999,2000,2001,2002,2003,2004,2005,2006,2007,2008,2009,2010,2011,2012,2013,2014,2015,2016,2017,2018,2019
Hartlepool,E06000001,8398,8439,8944,9361,9695,10028,10167,10412,10947,11520,11880,12260,12686,13059,13411,13858,13944,14393,14849,14919,15195,15527,15962
Stockton-on-Tees,E06000004,9756,9637,10131,10647,11056,11385,11699,12321,12783,13146,13460,13761,14165,14393,14809,15219,15287,15761,16147,16303,16594,17070,17519
Middlesbrough,E06000002,8654,8298,8847,9347,9757,9800,9959,10420,10860,11333,11471,11745,12501,12573,12859,13630,13788,14353,14792,14753,14929,15464,15835
Redcar and Cleveland,E06000003,9363,9067,9477,10178,10604,10698,10929,11330,11735,12171,12399,12648,13246,13377,13665,14467,14678,15247,15651,15705,15895,16424,16882
Darlington,E06000005,9638,9516,9722,10611,11397,11490,11785,12108,12359,12556,13210,13217,13824,13879,13799,14374,14810,15016,15704,16276,16925,17306,17391
County Durham,E06000047,9254,9429,9831,10396,10741,10907,11098,11674,11934,12265,12544,12788,13185,13603,13758,14209,14522,14926,15496,15549,15798,16315,16617
Northumberland,E06000057,10299,10405,10954,11704,12103,12336,12864,13282,13568,14370,14712,15602,16514,16511,16673,17273,17705,18000,18699,19047,19374,19846,20216
Newcastle upon Tyne,E08000021,9209,9498,9711,10364,10853,11162,11509,11982,11911,12312,12629,12832,13266,13573,13680,14288,14382,14667,15290,15320,15426,16057,16473
North Tyneside,E08000022,10248,10467,10604,11122,11411,11666,11970,12666,12691,13027,13417,13529,14050,14430,14604,15332,15593,15977,16778,16848,17140,17703,18246
South Tyneside,E08000023,8435,8552,8676,9149,9487,9637,9980,10559,10773,11181,11626,11802,12408,12784,12978,13658,13950,14310,14999,15046,15218,15766,15915
Gateshead,E08000037,8953,9192,9324,9890,10403,10676,10930,11399,11564,11884,12228,12369,12973,13267,13466,14171,14538,14740,15367,15387,15652,16033,16477
Sunderland,E08000024,8549,8496,8961,9619,9933,10234,10481,10828,11272,11598,12045,12221,12603,12944,13255,13840,14214,14323,14771,15156,15481,15669,16011
Allerdale,E07000026,9790,10154,10465,11286,11826,11668,12209,12834,13301,13817,14687,14874,15144,15614,15757,16643,16906,17316,18084,18129,18448,18661,18968
Barrow-in-Furness,E07000027,7929,8296,8466,9025,9544,9740,10091,10572,10856,11482,12286,12571,13229,13608,13911,14786,15120,15493,16348,16606,16926,17451,17990
Copeland,E07000029,9080,9433,9770,10444,10966,10976,11411,12080,12311,12876,13733,13965,14455,14942,15193,16018,16338,16750,17695,17891,18224,18716,18788
Carlisle,E07000028,8962,9304,9767,9954,10676,10987,11532,11774,12270,12738,12877,13017,14359,14743,14804,15463,16282,16530,17193,17234,17698,18311,19110
Eden,E07000030,11395,11819,12041,12229,12873,13403,14093,14750,15333,15768,16082,16380,16937,17477,17467,17988,18777,19244,20174,20109,20380,21782,22097
South Lakeland,E07000031,12595,13062,13389,13759,14757,15245,15909,16578,17206,17672,18427,18916,19115,19783,19780,20635,21120,21860,22817,22807,23108,23443,23990
Manchester,E08000003,7153,7450,8122,8553,8885,9310,9381,9636,10064,10355,10686,10892,11363,11466,11699,11996,12424,12724,13444,13549,14170,14930,15322
Salford,E08000006,10009,10202,10759,11284,11418,11698,12043,12459,12881,13244,13616,13773,14236,14214,14367,14809,15044,15255,16364,16369,16561,17377,17524
Trafford,E08000009,13982,13981,14771,15760,16068,16486,16637,17093,17567,17944,18612,18820,18707,18790,19051,19549,19939,20387,22129,22175,22399,23248,24060
Stockport,E08000007,11078,11142,11889,12708,12884,13277,13708,13930,14401,14910,15592,15864,16272,16595,16911,17420,17883,18572,19560,20031,20299,21246,21606
Tameside,E08000008,8308,8442,9169,9614,9775,10022,10323,10517,11019,11479,11835,11992,12759,12996,13284,13777,14154,14525,15273,15534,15972,16603,17185
Bolton,E08000001,9893,9928,10491,11074,11315,11550,11710,12210,12583,12971,13494,13567,13780,13937,14035,14515,14837,15078,15373,15280,15746,16378,16533
Wigan,E08000010,10006,10094,10672,11256,11602,11807,12131,12480,12776,13241,13723,13827,14134,14295,14488,15048,15421,15616,15904,15788,16391,16810,17239
Bury,E08000002,10404,10521,11078,11820,12183,12495,12646,13181,13601,13957,14507,14718,14890,14949,15089,15647,16178,16758,17629,17638,17802,18622,19142
Oldham,E08000004,8457,8609,9161,9621,9906,10159,10319,10709,11013,11521,11942,12099,12469,12678,12814,13368,13800,14150,14652,14618,14790,15261,15885
Rochdale,E08000005,8576,8653,9286,9763,10045,10249,10366,10792,11096,11480,11993,12073,12522,12673,12877,13549,14010,14373,14944,14863,15006,15821,16143
Blackburn with Darwen,E06000008,8451,8473,8987,9097,9317,9275,9631,9893,10443,10760,10966,10936,11139,11554,11547,11717,11840,12269,12662,12777,13297,14077,14484
Blackpool,E06000009,9569,9686,9862,10694,10813,10956,10759,10929,11123,11350,11908,12185,12689,12945,13425,13520,13801,14197,14822,15163,15572,15931,16276
Lancaster,E07000121,8759,9001,9353,10034,10476,10903,11249,11679,12068,12478,13046,13425,14238,14337,14524,14858,15307,15666,16178,16268,16842,17267,17433
Wyre,E07000128,9777,9902,10318,10955,11318,11701,12008,12390,12891,13257,13827,14191,14792,14944,15212,15534,15916,16316,16781,16894,17483,18196,18459
Fylde,E07000119,12160,12173,12670,13766,14056,14454,14937,15507,16005,16622,17296,17768,17842,17998,17934,18316,18466,19124,20247,20382,20584,21185,21603
Preston,E07000123,8880,9009,9318,9800,10368,10485,10720,10974,11481,11815,12162,12439,13547,13517,13709,14193,14430,14714,15441,15738,16184,16972,17133
Ribble Valley,E07000124,14159,14349,14652,15610,16035,16309,16855,17576,18207,18605,19590,20054,19802,20026,20458,20444,20716,21613,22803,22952,23211,23952,24493
South Ribble,E07000126,10583,10726,11118,11711,12254,12554,12929,13420,13859,14276,14805,15043,15729,15805,16105,16446,16827,17270,18136,18411,18788,19153,19528
Burnley,E07000117,7487,7617,8019,8449,8765,8838,9181,9497,10048,10549,11176,11633,12203,12314,12577,12857,13240,13414,13924,14276,14537,14958,15409
Hyndburn,E07000120,7715,7797,8226,8671,8999,9274,9368,9916,10496,10781,11337,11816,12351,12481,12780,13131,13576,13575,14290,14641,14890,15260,15704
Pendle,E07000122,8701,8763,9082,9650,9954,10152,10523,10935,11573,11976,12687,13166,13407,13570,13740,13972,14338,14618,15280,15526,15702,15910,15985
Rossendale,E07000125,9621,9835,10147,10825,11172,11508,11992,12576,13188,13366,14035,14450,14791,14848,15134,15217,15784,15950,16765,16952,17104,17609,18078
Chorley,E07000118,10697,10806,11197,11913,12328,12727,13067,13496,14043,14449,14999,15421,15995,16084,16465,16819,17019,17489,18716,18451,18760,19238,19463
West Lancashire,E07000127,10059,10051,10630,11436,11833,12122,12515,12999,13516,13932,14592,14974,15558,15609,16105,16552,16850,17388,18616,18526,18737,19602,20004
Warrington,E06000007,10409,10603,11132,12110,12628,12871,13197,13974,14281,14771,15548,15608,15774,15975,16346,17183,17369,17976,19346,19148,19582,20590,20946
Cheshire East,E06000049,12124,12316,12974,13507,13704,14601,15315,15798,16373,16853,17439,17774,18317,18368,18588,19254,20333,21053,22717,22707,23447,24845,25486
Cheshire West and Chester,E06000050,11091,11210,11882,12379,12600,13357,14140,14821,15350,15733,16358,16835,17365,17417,17495,18287,18788,19281,20125,20247,20993,21864,22301
Halton,E06000006,8902,9026,9531,10373,10819,11115,11491,11857,12347,12637,13308,13563,14059,14114,14298,14698,15109,15371,16129,16456,16921,17480,17907
Knowsley,E08000011,7587,7739,8262,9001,9421,9678,10035,10475,10932,11311,11911,12252,12769,12957,13231,13683,14000,14236,14908,15158,15727,16365,16627
St. Helens,E08000013,8376,8496,8980,9628,10088,10354,10643,11198,11734,12126,12861,13121,13507,13720,13864,14276,14598,14927,15619,15929,16309,16861,17325
Liverpool,E08000012,8444,8494,9066,9547,9996,10225,10543,10912,11135,11665,12067,12065,12611,12818,13011,13419,13836,14261,14814,14730,14928,15373,15673
Sefton,E08000014,11406,11648,11983,12005,11782,12269,12635,13049,13644,13893,14347,14681,15522,15748,15883,16531,17101,17163,18012,18158,18525,18969,19325
Wirral,E08000015,10274,10531,11076,11780,12115,12665,13082,13314,13505,13728,14485,14856,15426,15604,15706,16277,16764,17141,17703,17777,17936,18699,19175
"Kingston upon Hull, City of",E06000010,7417,7669,8210,8984,9444,9728,9761,9942,10201,10276,10651,10951,11428,11539,11920,12244,12406,12832,13237,13441,13791,14436,14908
East Riding of Yorkshire,E06000011,10728,10864,11782,12087,12027,12526,13014,13635,14205,14795,15214,15406,15803,16036,16424,16747,16983,17356,18492,18537,19081,20085,20516
North East Lincolnshire,E06000012,8708,8966,9291,9593,9938,10206,10589,11003,11262,11747,12528,12573,12775,12929,13493,13849,13956,14272,14810,15092,15583,16330,16569
North Lincolnshire,E06000013,9842,10147,10423,10855,11235,11529,12000,12353,12593,12899,13579,13570,13545,13624,14178,14544,14701,14955,15516,15700,16219,16804,17218
York,E06000014,10502,11136,11972,12396,12887,13453,13407,13090,13393,14066,14894,14975,15498,15636,15835,16540,16865,17504,18290,18314,18744,19765,20216
Craven,E07000163,11406,12008,12101,12273,12607,13391,13749,14120,14968,15977,16391,16824,17709,17692,18103,18865,19123,19315,20542,20524,21074,21855,22181
Hambleton,E07000164,12387,13020,13185,13365,14086,14549,14908,15601,16462,17338,17835,18297,18782,18741,19157,19891,20252,20580,21849,21873,22384,23005,23487
Harrogate,E07000165,13555,14483,14654,14923,15169,16028,16448,16863,17869,18785,19667,20125,20418,20368,20684,21328,21854,22199,23852,23931,24481,26009,26868
Richmondshire,E07000166,11301,11640,12062,11953,12092,12544,12811,13315,13839,14648,15032,15320,16176,16192,16351,16976,17351,17674,18880,18619,19133,20534,21033
Ryedale,E07000167,11827,12222,12435,12663,12955,13583,14014,14482,15322,16282,16839,17292,17794,17887,18386,18967,19379,19462,20684,20716,21034,21852,22044
Scarborough,E07000168,9025,9545,9709,9859,10257,10611,10937,11495,12159,12931,13313,13683,14596,14530,15048,15661,15970,16114,17111,17183,17698,18609,19116
Selby,E07000169,11095,11608,11929,11997,12473,13077,13587,13896,14776,15578,15825,16021,17150,16746,17215,17936,18272,18208,19281,19444,20015,21125,21994
Barnsley,E08000016,8849,9029,9580,10191,10526,10741,11135,11469,11845,12201,12724,12785,13079,13298,13752,14190,14569,15075,15534,15594,16105,16684,17093
Doncaster,E08000017,8706,8994,9538,10140,10434,10686,11087,11389,11729,12059,12568,12652,12892,13163,13562,14045,14478,15036,15588,15666,16110,16701,17001
Rotherham,E08000018,8684,8853,9435,10081,10416,10664,10999,11204,11626,12036,12590,12665,13002,13292,13674,14208,14707,15147,15722,15809,16264,16798,16985
Sheffield,E08000019,9325,9469,9974,10462,11001,11304,11527,12120,12175,12356,12657,12968,13403,13325,13401,13753,14006,14531,15018,14961,15131,15791,16131
Bradford,E08000032,9301,9424,9913,10558,10474,10692,10831,11274,11378,11615,12065,12236,12447,12431,12584,12950,13423,13833,14491,14474,14664,15020,15308
Leeds,E08000035,10159,10324,10812,11629,11923,12199,12479,12663,12935,13331,14024,14277,14495,14664,15033,15329,15790,16109,16857,16980,17328,18195,18634
Calderdale,E08000033,9719,9960,10385,11013,11282,11520,11951,12470,12880,13208,13836,13948,14066,14271,14501,14992,15491,15938,16779,16644,16896,17769,17882
Kirklees,E08000034,9385,9624,10070,10676,10890,11121,11525,11935,12230,12564,13144,13210,13477,13583,13826,14326,14764,15099,15869,15772,16080,16743,17288
Wakefield,E08000036,9317,9571,9987,10625,10902,11286,11738,12219,12623,12992,13685,13704,13911,14160,14150,14574,14987,15313,16093,16223,16770,17260,17329
Derby,E06000015,9294,9393,9849,9900,10370,10785,11012,11475,11447,12167,12494,12402,13026,12654,12693,13440,13886,14514,15068,15068,15561,16219,16793
Bolsover,E07000033,8090,8395,9010,9319,10008,10114,10357,10658,10985,11485,12136,12108,12414,12492,12782,13269,13550,13848,14691,14579,15057,16001,16062
Chesterfield,E07000034,8108,8379,9004,9411,10215,10513,10678,11091,11394,11934,12575,12508,12720,12842,13116,13674,13977,14274,15205,15026,15646,16444,16802
North East Derbyshire,E07000038,9500,9852,10449,10929,11663,12136,12369,12704,13242,13837,14626,14630,14623,14567,14952,15413,15767,16239,17409,17083,17487,18334,19094
Amber Valley,E07000032,8740,9022,9508,10020,10402,10755,11564,12130,12505,12963,13717,14000,14248,14367,14932,15503,16170,16435,17718,17685,17826,18535,18983
Derbyshire Dales,E07000035,13481,13857,14226,15126,15832,16384,17264,18298,19408,20026,21113,21418,20759,21041,21577,21974,23227,23848,25547,25443,25430,25311,25635
Erewash,E07000036,7861,8032,8637,8950,9312,9727,10581,11117,11534,11995,12597,12824,13278,13361,14040,14564,15245,15385,16412,16448,16717,17503,18301
High Peak,E07000037,9342,9584,10006,10568,11029,11453,12236,12878,13334,13769,14521,14909,14998,15012,15776,16267,16970,17303,18593,18569,18809,19767,19824
South Derbyshire,E07000039,10398,10557,11454,11936,12148,12511,13357,13725,14165,14495,15113,15315,15484,15503,16100,16694,17310,17583,18683,18632,18811,19617,20154
Nottingham,E06000018,8308,8534,8991,9388,9557,9760,9834,9725,9936,10128,10589,10804,10804,10809,10874,11180,11777,12081,12590,12658,12723,13021,13381
Ashfield,E07000170,8183,8550,9062,9548,9875,10169,10533,11060,11273,11572,12327,12626,13107,13110,13262,13681,13932,14403,15157,15223,15649,16370,16845
Bassetlaw,E07000171,9324,9637,10080,10710,10988,11423,11667,12427,12793,13025,13971,14296,14557,14457,14611,14966,15290,15832,16914,16854,17202,18130,18596
Mansfield,E07000174,8268,8653,9062,9611,10146,10492,10864,11493,11788,12004,12809,13083,13546,13495,13594,13999,14320,14812,15679,15627,16064,16834,17448
Newark and Sherwood,E07000175,10380,10873,11199,12041,12410,12970,13312,13926,14186,14374,15418,15798,15867,15726,15849,16219,16542,17111,18206,18079,18370,19265,20004
Broxtowe,E07000172,9654,9976,10513,10703,11425,11772,12356,12787,13109,13612,14486,14917,15311,15188,15358,16081,16613,17057,17587,17601,17887,18261,18570
Gedling,E07000173,9981,10214,10659,10946,11574,12002,12493,12960,13292,13876,14758,15152,15546,15459,15546,16273,16765,17295,17825,17746,18129,18717,19250
Rushcliffe,E07000176,13587,13866,14461,15022,15505,15800,16207,16787,17211,17664,18955,19434,19248,19152,19201,20158,20653,21288,22059,22083,22354,22745,23384
Leicester,E06000016,8375,8164,8636,9173,9472,9734,9917,10161,10130,10320,10816,10690,10944,11217,11308,11722,11977,12231,12706,12918,13210,13512,13802
Rutland,E06000017,14251,14621,14535,15418,15436,15677,16149,16941,17352,17889,18675,19067,18584,18785,19228,19991,20064,20757,22171,21776,22076,23381,24707
Blaby,E07000129,10001,10049,10591,10906,11288,11549,12200,12636,13035,13387,14053,14081,14765,14890,15389,15906,16303,16628,17343,17424,18222,18842,19145
Charnwood,E07000130,10146,10313,10694,11164,11586,12054,12683,13208,13591,13866,14589,14673,15013,15120,15469,15892,16155,16439,17150,17013,17665,18196,18275
Harborough,E07000131,15052,15257,15787,16620,16586,16912,17484,18011,18791,19091,20125,20193,19786,19998,20248,20659,20948,21923,23064,22783,23303,24369,24246
Hinckley and Bosworth,E07000132,10540,10699,11174,11690,12188,12507,13077,13536,14089,14451,15204,15327,15831,15941,16324,16777,17175,17593,18396,18197,19043,19463,19841
Melton,E07000133,11501,11745,12068,12565,12792,13352,13793,14411,14903,15376,16167,16239,16507,16557,16965,17491,17788,18379,19381,19495,20180,21058,21473
North West Leicestershire,E07000134,10799,10948,11448,11945,12291,12591,13140,13606,13976,14295,15012,15117,15376,15661,16018,16466,17010,17341,18072,17923,18650,19380,19644
Oadby and Wigston,E07000135,9438,9731,10023,10348,10652,11015,11647,12075,12548,12819,13581,13736,14320,14660,14946,15370,15670,16193,17104,17157,17708,18195,18629
West Northamptonshire,E06000062,10928,11019,11468,12346,12713,12838,13196,13650,14247,14853,16022,16067,15938,16072,17103,17832,18287,18874,20011,20146,20683,21748,22227
North Northamptonshire,E06000061,10253,10389,10771,11413,11731,11909,12413,12902,13557,14131,15132,15397,15415,15369,15745,16375,16952,17439,18513,18427,18767,19190,19666
Boston,E07000136,9427,9605,10122,10506,11042,11439,11883,12263,12722,12865,13472,13631,14052,14214,14727,15276,15449,15760,16324,16308,16778,17611,17826
East Lindsey,E07000137,8958,9174,9402,9718,9944,10135,10601,11089,11580,11881,12583,12942,13239,13579,14021,14428,14743,15210,15756,15764,16111,16640,17178
Lincoln,E07000138,8289,8528,8883,9222,9607,10170,10594,10886,11329,11650,12324,12598,13360,13497,13946,14399,14604,14899,15407,15518,15936,16402,16874
North Kesteven,E07000139,11563,11793,11998,12424,12699,12846,13355,13766,14413,14619,15459,15810,15873,16109,16501,16956,17277,17777,18411,18392,18745,19512,19912
South Holland,E07000140,10514,10689,11139,11792,12094,12314,12738,12987,13544,13726,14459,14633,14865,15144,15515,16114,16398,16783,17328,17346,17805,18403,18459
South Kesteven,E07000141,10873,11089,11573,12135,12555,12830,13437,14015,14688,14884,15864,16346,16381,16727,17096,17559,17840,18372,19006,19018,19497,20407,21522
West Lindsey,E07000142,10698,10899,11189,11694,11902,12129,12571,13231,13740,13956,14779,15156,15336,15651,16076,16327,16754,17238,17663,17633,18095,18688,18709
"Herefordshire, County of",E06000019,10194,10622,10891,11484,12026,12489,12881,13514,13880,14661,14954,15547,15964,16456,16958,17299,17901,18108,19155,19332,19280,20109,20631
Bromsgrove,E07000234,13346,14156,14482,15201,15521,15835,15812,16600,17439,18274,18449,18931,18731,18716,19073,19603,20300,21114,22558,22867,22888,24041,23909
Malvern Hills,E07000235,12241,12916,13203,13740,14200,14819,14796,15481,16311,17141,17541,17902,17729,17711,17987,18328,19040,19765,21001,21414,21392,22657,23220
Redditch,E07000236,9531,10004,10485,10784,11224,11671,12035,12747,13132,13761,13634,13887,14768,14781,15055,15587,16375,16969,17943,18393,18939,20202,21187
Worcester,E07000237,9993,10374,10909,11115,11629,12182,12502,13186,13659,14448,14423,14702,15301,15219,15600,16077,16633,17037,18103,18453,18846,18966,19509
Wychavon,E07000238,12491,13110,13212,13872,14397,14687,14902,15657,16461,17211,17554,17971,17932,17925,18277,18686,19329,20144,21272,21579,21566,22838,23462
Wyre Forest,E07000239,9288,9744,10008,10235,10675,11132,11506,12086,12672,13312,13398,13792,14382,14409,14728,15223,15832,16293,17174,17531,17733,18644,19037
North Warwickshire,E07000218,9173,9387,9810,10397,10870,11273,11817,12265,12556,13110,13521,14108,14930,14971,15331,15831,16462,17033,18353,18952,19045,20046,20109
Nuneaton and Bedworth,E07000219,8467,8543,9024,9620,10081,10353,10898,11330,11499,12044,12351,12701,13527,13642,14047,14556,15107,15613,16676,17176,17409,18268,18636
Rugby,E07000220,11403,11720,12245,13183,13690,14159,14632,15191,15228,15762,16167,16652,16878,16887,17106,17733,18359,19052,20175,20939,21083,22180,22071
Stratford-on-Avon,E07000221,15106,15642,16294,17340,17762,18154,18540,19133,19734,20077,20898,21674,21204,21306,21598,22547,23142,24184,26247,27476,26882,28161,27934
Warwick,E07000222,12862,13374,13922,14944,15285,15650,15895,16208,16431,16969,17659,18351,18517,18734,19200,19868,20675,21656,23423,24510,24436,26132,27980
Telford and Wrekin,E06000020,10115,10263,10536,10446,10330,10771,11343,11877,11861,12375,12902,13095,13386,13676,14216,14718,15025,15409,16168,16486,16469,16940,17250
Shropshire,E06000051,10730,11270,11452,11893,12098,12517,12973,13517,13792,14536,14970,15801,16259,16310,16650,16951,17318,17755,18898,19180,19475,20359,20732
Stoke-on-Trent,E06000021,8283,8364,8974,9363,9398,9548,9850,10164,10737,10851,11437,11593,11819,12004,12378,12748,13209,13467,14010,14070,14274,15063,15455
Cannock Chase,E07000192,9137,9481,9906,10254,10853,11106,11405,11502,11886,12473,12806,13193,13763,13893,14108,14567,15126,15543,16420,16592,16990,17670,18096
East Staffordshire,E07000193,10493,10760,11313,11749,12303,12559,12767,12998,13333,13937,14385,14743,15123,15240,15380,15825,16461,16911,17864,17829,18256,19059,19763
Lichfield,E07000194,12458,12971,13467,14320,14910,15468,15786,15912,16467,17002,17663,18263,17851,18137,18147,18626,19215,19920,21089,21159,21444,22236,22974
Newcastle-under-Lyme,E07000195,8940,9179,9488,9900,10364,10623,11007,11155,11654,12246,12651,13246,13747,13905,14090,14570,15078,15412,16212,16116,16334,17231,17666
South Staffordshire,E07000196,11016,11570,11887,12555,13028,13621,13872,13991,14545,15150,15825,16381,16328,16512,16627,17118,17447,18017,19165,19197,19498,20258,20463
Stafford,E07000197,10838,11212,11695,12455,13073,13389,13813,13969,14402,14983,15481,16024,16043,16172,16386,16798,17403,17988,19103,19059,19309,20095,20473
Staffordshire Moorlands,E07000198,10194,10718,11055,11571,12041,12290,12619,13096,13579,14142,14705,15269,15217,15467,15615,15996,16528,17088,18195,18147,18388,19250,19411
Tamworth,E07000199,8785,9022,9551,9945,10599,10781,11235,11357,11635,12254,12492,12940,13637,13729,13971,14519,15164,15567,16365,16617,17206,17821,18446
Birmingham,E08000025,8823,9045,9413,10051,10367,10555,10713,11011,11050,11394,11659,11905,12132,12425,12552,12859,13148,13660,14199,14389,14430,14979,15368
Solihull,E08000029,12151,12465,13005,13961,15078,15536,15753,16113,16455,16666,17163,17393,17616,17798,18220,18840,19893,20580,22016,22172,22437,23342,23722
Coventry,E08000026,9027,9054,9481,10308,10695,11005,11027,11564,11485,11650,12293,12548,12889,13147,13331,13541,13831,14103,14451,14684,14823,15225,15350
Dudley,E08000027,9663,9896,10293,10822,10985,11111,11305,11790,11934,12262,12528,12669,13190,13539,13726,14272,14692,15114,15758,15929,15845,16424,16735
Sandwell,E08000028,8207,8404,8771,9283,9474,9663,9844,10190,10320,10509,10731,10908,11240,11463,11688,12044,12253,12793,13375,13582,13625,14066,14454
Walsall,E08000030,8870,9181,9516,9922,10071,10373,10468,10757,10817,10998,11293,11574,11953,12125,12343,12680,13150,13711,14217,14531,14895,15428,15694
Wolverhampton,E08000031,8946,9201,9640,10075,10340,10534,10655,10951,11065,11250,11618,11942,12238,12388,12530,12788,13126,13555,14052,14422,14622,15113,15500
Peterborough,E06000031,9874,10141,10949,11639,11906,12130,12116,12243,12586,13246,13860,14040,14002,14271,14408,14876,15330,16012,16698,16918,17103,17686,18124
Cambridge,E07000008,11459,11701,12423,13152,13383,14074,14014,14610,15158,15995,16849,17202,17796,17777,17781,18706,19720,20799,21926,22713,23056,24033,25105
East Cambridgeshire,E07000009,11808,11922,12697,13228,13401,13965,13642,14663,15652,16110,16462,16777,16995,17225,17277,17864,18584,19372,20315,20869,21110,21961,22769
Fenland,E07000010,8967,9199,9661,10018,10134,10704,10880,11273,12068,12469,12597,12937,13461,13625,13828,14358,14939,15461,16058,16528,16809,17729,17958
Huntingdonshire,E07000011,10155,10514,11224,11707,11877,12417,12624,13153,14238,14817,15328,15681,16114,16345,16408,17133,17827,18543,19395,19946,20387,21456,22089
South Cambridgeshire,E07000012,14455,15023,15894,16910,16977,17537,17390,18221,19532,20184,20957,21390,21072,21155,21310,22019,23025,24099,25520,26035,26279,26900,27610
Babergh,E07000200,11712,11657,12050,13118,13501,14030,14212,14775,15472,15833,16553,17436,17847,18146,18250,19027,19406,20005,21096,21259,21605,21981,22641
Ipswich,E07000202,8827,8872,9377,10136,10713,11049,11343,11639,11939,12337,12661,13264,14056,14179,14218,14865,15349,15589,16358,16565,17041,17837,18093
Mid Suffolk,E07000203,11697,11738,11942,13121,13331,13822,14057,14597,15136,15298,15826,16726,17135,17212,17256,17932,18371,18761,19891,20030,20417,21036,21280
East Suffolk,E07000244,10203,10367,10595,11561,11937,12299,12623,13134,13718,13993,14648,15566,15898,16059,16261,16856,17225,17739,18853,18871,19063,20020,20364
West Suffolk,E07000245,9553,9588,10073,10927,11871,12274,12446,12928,13375,13773,14221,15086,15600,15666,15676,16384,16903,17145,18119,18334,18535,19650,20224
Broadland,E07000144,12041,12038,12165,12937,13429,13694,13833,14233,14806,14821,15757,16438,16325,16799,17301,17869,18279,18807,19978,19552,19686,20670,21073
Great Yarmouth,E07000145,8750,8827,9110,9472,9944,10050,10311,10590,10861,10906,11444,11981,12563,12920,13323,13944,14277,14414,15256,14942,15193,15577,16225
Norwich,E07000148,9111,9363,9803,10374,10922,11197,11473,11641,11988,12062,12685,13214,13742,14187,14570,15135,15460,15592,16418,15992,16219,16702,17170
King's Lynn and West Norfolk,E07000146,9161,9290,9755,10287,10950,11151,11398,11623,12110,12126,12762,13432,14161,14753,15218,15881,16252,16447,17093,17308,18003,18874,19572
North Norfolk,E07000147,9970,10103,10295,11012,11631,12093,12338,12655,13279,13405,14230,15007,15263,15910,16243,16779,17140,17580,18421,18547,18904,19909,20466
Breckland,E07000143,9268,9444,9591,10148,10648,10812,11078,11375,11798,11937,12583,13132,13507,14018,14386,15016,15115,15472,16325,16822,17303,17998,18462
South Norfolk,E07000149,11451,11600,11902,12619,13240,13399,13596,13986,14576,14747,15590,16161,16134,16489,16834,17414,17506,17946,18921,19401,19751,20364,20564
Luton,E06000032,9252,8851,9387,9991,10564,10930,11211,11485,11704,11814,12179,12339,12529,12813,13005,13403,13678,14165,14637,15389,16153,16541,16873
Broxbourne,E07000095,11902,12310,12418,13305,13968,14327,14588,14845,15256,15925,16678,17064,17923,17891,18089,18910,19898,20474,21848,22227,22903,22820,23109
Dacorum,E07000096,12967,13385,13729,14970,15645,16012,16333,16818,17459,18285,19368,19908,20420,20387,20470,21289,22343,23202,24739,24733,25483,25850,26318
Hertsmere,E07000098,14404,14990,15328,16362,17051,17333,17779,18424,19208,19919,21019,21463,21481,21582,21644,22626,23866,25200,26892,27097,27382,28825,30046
North Hertfordshire,E07000099,12483,12953,13264,14550,15202,15398,15774,16018,16591,17466,18247,18683,19178,19243,19349,20253,21217,21940,23508,23689,24094,25414,25826
Three Rivers,E07000102,15215,16009,15795,17079,18042,17946,18346,18951,19736,20526,21856,22341,22269,22612,22712,23726,25011,25970,27788,27735,28099,29500,29712
Watford,E07000103,11435,11764,12294,13303,14194,14719,14858,15078,15476,16301,17081,17270,17999,17797,17753,18537,19339,19770,21052,21602,22350,23561,24163
St Albans,E07000240,16684,17383,17684,19387,20103,20264,20639,21092,21991,22844,24285,24722,24854,24838,24830,26060,27198,28465,30240,30496,31078,33019,33751
Welwyn Hatfield,E07000241,11756,12148,12349,13311,14030,14433,14613,14855,15010,15551,16169,16719,17429,17378,17550,18252,19118,19630,20701,20720,20950,22760,22895
East Hertfordshire,E07000242,14328,14718,15203,16459,17160,17481,17821,18343,19044,19835,20870,21363,21764,21726,21984,22832,24015,24767,26306,26428,26946,27694,28356
Stevenage,E07000243,8934,9245,9597,10195,10947,11533,11608,11866,12227,12885,13412,13604,14831,14830,14942,15620,16484,16985,18001,18269,18962,19642,20079
Bedford,E06000055,11413,11401,11907,12462,12490,13059,13237,13650,14325,14825,15390,15986,16421,16814,17095,17486,17947,18451,19712,20271,20912,21875,22321
Central Bedfordshire,E06000056,12114,12148,12745,13475,13647,14271,14417,14765,15419,15843,16337,16867,17215,17751,17832,18446,19238,19545,20543,20983,21392,22172,22419
Southend-on-Sea,E06000033,10637,10871,11535,12237,12920,13446,13774,13835,14173,14531,15036,15318,15783,16088,16253,16691,17294,17807,18857,19200,19662,20543,21187
Thurrock,E06000034,10129,10199,10507,10739,11170,11867,12298,12613,13007,13368,13976,14474,14788,15078,15191,15584,15977,16658,17405,17984,18387,19424,19951
Braintree,E07000067,10984,11182,12010,12562,13075,13614,13735,14253,14772,15062,15624,16246,16718,16755,17043,17660,18285,18734,19790,20291,20663,21655,22179
Colchester,E07000071,10402,10714,11494,12137,12764,13322,13553,14092,14528,14840,15356,15834,16547,16461,16773,17345,17886,18062,18840,19156,19525,20415,20570
Tendring,E07000076,8972,9029,9584,10077,10516,10926,11180,11623,12176,12555,13142,13781,14144,14244,14631,15124,15553,15847,16624,16918,17280,18060,18513
Epping Forest,E07000072,14835,15166,15807,16703,17173,17486,17794,18426,19428,19862,20836,21819,21506,21543,21986,22788,23386,24071,26770,26985,28037,30112,30550
Harlow,E07000073,8536,8484,9100,9360,9885,10355,10533,10938,11339,11688,11931,12364,13372,13354,13754,14388,14697,14826,16203,16799,17679,18693,19157
Uttlesford,E07000077,16188,16346,17121,18280,18716,18972,18939,19786,20699,20858,21454,22127,21995,21556,21902,22722,23042,23403,25707,25831,26687,28118,28090
Brentwood,E07000068,16208,16261,17320,18404,18916,19247,19621,20191,20929,21291,22018,22821,22832,22611,22772,23560,24074,24892,26483,27666,28294,30112,30517
Chelmsford,E07000070,12515,12582,13436,14011,14674,15006,15215,15496,15916,16386,17023,17603,18304,18183,18422,19035,19538,20257,21454,22311,22820,24011,24643
Maldon,E07000074,13409,13287,13801,14327,14587,15055,15224,15700,16299,16712,17208,18066,18310,18414,18820,19318,19807,20543,21761,22584,23207,23378,23427
Basildon,E07000066,11143,11293,12028,12504,13122,13597,13845,14280,14731,15144,15598,16152,16850,16873,17058,17638,17816,17972,18906,19466,19898,20929,21435
Castle Point,E07000069,11133,11214,11897,12458,13044,13508,13781,14200,14732,15069,15781,16406,16770,16851,17189,17661,18005,18405,19546,19952,20462,21392,22011
Rochford,E07000075,12388,12411,13002,13630,14233,14574,14898,15319,15861,16105,16776,17306,17545,17593,17886,18342,18751,19049,20247,20711,21128,22582,22986
Camden,E09000007,16136,17852,19073,21204,21070,21157,21456,23163,25626,27818,30857,33847,33740,32757,31344,33549,36688,37202,39613,40827,41106,43536,44015
Westminster,E09000033,21037,21787,23802,25855,26222,25956,26437,28248,30474,32950,36946,39934,40292,40108,39217,42327,46370,49012,52280,54106,53482,53644,53670
Hammersmith and Fulham,E09000013,19419,19541,20665,22305,22312,21905,22635,23952,25801,27374,29560,30987,31706,31222,29947,32093,35892,37905,39533,39217,39665,42335,43040
Kensington and Chelsea,E09000020,36851,36509,37780,40432,39445,38784,39416,42454,45392,50119,57183,62206,60761,58909,58401,64298,71228,76857,79703,80470,81531,85476,85376
Wandsworth,E09000032,13864,15395,17139,19331,19900,19854,20238,21779,24153,26087,29070,30249,30292,29257,28019,29872,32636,34593,36445,37729,37678,39489,40851
Hackney,E09000012,6935,7660,8570,9733,10246,10553,11010,11835,12989,14132,15399,15849,16250,16606,16918,17827,19165,20005,21621,22261,22369,23527,24575
Newham,E09000025,5875,6385,7091,8097,8714,9077,9798,10623,11802,12765,13531,13776,13829,14024,14050,14751,15478,15838,17261,17911,18524,19481,20710
Tower Hamlets,E09000030,13102,13325,14064,15113,15519,15596,16107,16898,17905,18767,19806,20089,20162,20386,20293,21094,21666,22085,23571,24549,24569,25457,26404
Haringey,E09000014,14121,14307,15228,16230,16592,16917,17262,18137,19125,20005,21261,21354,21386,22153,22448,23850,24344,25491,27170,26849,27713,29225,30176
Islington,E09000019,16530,16738,18296,19601,19912,20328,20643,21660,22816,24364,26092,26793,26354,26922,26758,28036,28434,29239,30783,30475,30315,31363,32534
Lewisham,E09000023,9027,9342,10073,10949,11387,11735,12377,13100,14025,14967,15953,16232,16256,16916,17125,18117,18836,19814,21222,21618,22229,23099,24047
Southwark,E09000028,10909,11350,12269,13364,13633,13890,14556,15381,16455,17326,18472,18874,18995,19718,19957,21028,21923,23157,24701,25250,25677,27582,28609
Lambeth,E09000022,11056,11355,12363,13509,13756,14038,14487,15273,16275,17235,18510,18913,18939,19620,19776,20871,21794,22829,25826,27151,27079,28842,30386
Bexley,E09000004,12135,12226,12617,13282,14030,14331,14854,15390,15825,16170,17167,17568,17377,17752,17825,18678,19117,19701,21032,21580,21560,22525,23401
Greenwich,E09000011,13315,13388,14143,14879,15489,15653,16089,16497,16961,17288,18126,18561,18682,18986,18891,19510,20243,20770,21786,22262,22419,23351,24700
Barking and Dagenham,E09000002,8484,8736,9219,9710,10417,10843,11408,11886,12235,12577,13246,13625,13861,14032,14085,14943,15240,15434,16246,16649,16879,17873,18928
Havering,E09000016,11529,11985,12395,13402,14147,14477,15091,15664,16213,16555,17749,18298,17909,18400,18573,19548,20086,20409,21770,22312,22448,23619,24089
Redbridge,E09000026,11580,11804,12283,13191,13910,14266,14714,15344,15918,16159,17056,17470,17184,17579,17577,18713,19064,19532,21335,21713,22334,23702,24650
Waltham Forest,E09000031,10375,10595,11256,11989,12913,13316,13896,14379,14951,15316,16174,16402,16430,16739,16815,17966,18732,19494,21089,21610,22240,23529,24614
Enfield,E09000010,10871,11240,11624,12593,13334,13502,14068,14721,15314,15725,16856,17384,17283,17524,17537,18686,19118,19869,21476,22012,21933,22810,23710
Bromley,E09000006,13859,14474,15224,16345,16872,17229,18174,19238,20100,20633,21762,22007,21642,22235,22640,23922,24580,25633,27416,27760,27656,29091,30157
Croydon,E09000008,10186,10568,11366,12378,12978,13441,14210,15001,15798,16267,17272,17621,17341,17743,17974,19002,19646,19991,21517,21921,22240,23599,24603
Kingston upon Thames,E09000021,14897,15113,15886,17009,17323,17583,18328,19208,19944,20309,21734,22080,21593,22113,22292,23575,24400,24787,26086,26576,26326,27919,29045
Merton,E09000024,15877,16271,17163,18229,18589,18990,19919,21169,22053,22466,23674,24129,23570,24375,24737,26018,27302,28214,30049,30694,30672,32155,33251
Sutton,E09000029,11933,12252,12869,13902,14235,14563,15196,15983,16840,17223,18177,18515,18163,18735,18947,20041,20728,21096,22618,22986,22742,24755,25591
Barnet,E09000003,12648,13274,13994,15180,15678,16231,17022,17629,18692,19361,20603,21232,20919,21429,21563,23059,23973,25255,28051,28824,28940,30271,31489
Brent,E09000005,10774,11220,12068,12922,13454,14013,14703,15231,16245,16567,17578,18013,18138,18379,18542,19897,21112,22031,23612,23841,24022,25381,26376
Ealing,E09000009,12916,13243,14000,14815,15363,15783,16516,17019,17719,18119,19167,19686,19585,20111,20297,21715,23042,24377,26335,26487,26373,27249,28155
Harrow,E09000015,12856,13548,14334,15346,16019,16571,17398,17863,18621,18876,20221,20790,20165,20808,20965,22387,23635,24440,26306,27016,27242,28177,29284
Hillingdon,E09000017,10295,10780,11605,12440,13120,13616,14293,14900,15685,16054,16936,17400,17314,17671,17656,18610,19479,19782,21242,21611,21622,22625,23160
Hounslow,E09000018,13805,14007,14796,15535,16076,16507,17294,17603,18094,18319,18732,19115,19374,19613,19418,20703,21571,22159,23930,23720,23988,25490,26575
Richmond upon Thames,E09000027,22020,22409,23182,24851,25131,25309,25881,26693,27810,28819,31155,32222,31396,31755,31979,34036,35625,37104,40068,39546,39560,42079,43363
Bracknell Forest,E06000036,12184,12429,12712,13652,13909,14316,14563,14867,15476,16251,17330,17704,18205,18239,18563,19322,20151,20344,21461,22090,22488,23382,23892
West Berkshire,E06000037,14281,14513,14940,15969,16076,16528,16783,17258,18033,18818,20170,20553,20396,20322,20865,21605,22420,22970,24519,24949,25356,26289,26714
Reading,E06000038,11615,11690,12236,13356,13484,13971,14131,14484,14837,15424,16442,16788,17138,17048,17421,18205,19001,19223,20306,20812,21588,22350,23203
Slough,E06000039,10084,10233,10554,11257,11638,11921,12302,12567,12926,13285,13825,13989,14475,14376,14605,15309,16144,16121,17043,17521,18257,18760,19469
Windsor and Maidenhead,E06000040,17737,18466,18741,20124,20134,20511,20684,20961,21983,22763,24480,25015,24584,24399,24891,25794,26806,27871,29464,29997,30343,31510,31975
Wokingham,E06000041,15879,16054,16578,17651,17490,18023,18393,18885,19671,20442,22090,22518,22214,22226,22786,23492,24339,25114,26786,27147,27217,28189,29443
Milton Keynes,E06000042,11125,11274,11667,12367,12716,13469,13713,14477,14993,15463,16246,16679,16659,17031,17099,17494,17820,18358,19639,20038,20665,21649,22116
Buckinghamshire,E06000060,14935,15218,15823,16825,17456,17813,17899,18653,19322,20681,21500,22049,22520,22463,22674,23286,24016,24777,26469,27122,27592,28387,29044
Cherwell,E07000177,11981,12161,12733,13509,13799,14194,14342,14946,15268,16259,16658,16996,17712,17569,17951,18788,19481,20194,21741,21927,22418,23513,24115
Oxford,E07000178,10932,11148,11672,12413,12790,13178,13188,13675,13674,14839,15257,15613,16454,16203,16425,17357,17995,18334,19820,20000,20884,21875,22848
South Oxfordshire,E07000179,15885,16012,16518,18045,18126,18689,18921,19749,20563,21742,22665,22969,23046,22993,23237,24251,25154,26045,28221,28246,28713,29565,29669
Vale of White Horse,E07000180,13707,14046,14299,15402,15595,16020,16199,16800,17346,18457,19024,19685,19799,19719,20030,20930,21575,22501,24190,23957,24209,25249,25680
West Oxfordshire,E07000181,14293,14619,15026,16204,16315,16785,16858,17521,18005,18975,19533,19968,20046,19805,20254,20915,21564,22487,24345,24497,24889,26101,27212
Brighton and Hove,E06000043,12019,12107,12630,13458,13998,14438,14616,15193,16015,16242,16841,17371,17860,17764,17972,18379,19005,19457,20689,20963,21486,22365,23142
Eastbourne,E07000061,10159,10323,10855,11529,11981,12315,12525,12639,13065,13455,14407,14795,15355,15980,15845,16310,17043,17278,18191,18551,18753,19796,20020
Hastings,E07000062,8209,8415,8801,9085,9423,9962,10184,10343,10730,11272,11938,12128,13326,13836,13830,14526,15251,15275,15954,16431,16920,17621,18545
Lewes,E07000063,12209,12428,12796,13492,14098,14372,14575,14946,15695,16261,17628,18097,18255,18694,18812,19232,20072,20400,21724,22079,22249,22947,23543
Rother,E07000064,11941,11954,12438,13193,13856,14139,14401,14709,15343,15889,17122,17680,17729,18225,18275,18722,19643,19917,20987,21226,21242,22097,22585
Wealden,E07000065,14649,14888,15602,16479,16997,17338,17592,18008,18848,19613,21079,21835,21714,22474,22189,22704,23746,24003,25311,25750,25888,25788,25895
Elmbridge,E07000207,21418,22181,22861,23968,24286,24525,24208,25236,26557,28234,29379,30257,30293,30234,30801,32389,33915,34771,37144,37237,37810,40336,40922
Guildford,E07000209,15817,16438,16975,17700,17800,18387,18498,19216,20345,21429,22421,22584,22615,22918,23089,24141,25191,25762,27323,27392,27761,29103,29325
Runnymede,E07000212,13584,14025,14874,15080,15349,15920,16060,16683,17597,18709,19272,19504,19999,19964,20484,20966,22087,22701,24025,24042,24575,26022,26925
Spelthorne,E07000213,12918,13436,14152,14593,15001,15591,15668,16073,16952,17953,18407,18504,19207,19185,19609,20452,21531,22003,23526,24156,24686,25376,26136
Surrey Heath,E07000214,15248,15896,16430,17104,17408,18044,18185,18464,19330,20479,21274,21304,21708,21772,22205,23380,24589,25170,26880,27045,27693,29337,29545
Waverley,E07000216,17468,18115,18638,19523,19783,20335,20323,21018,22439,23986,24958,25498,25105,25294,25795,27076,28285,29238,31313,31393,31663,32991,33071
Woking,E07000217,15170,15782,16616,17412,17553,18309,18507,19040,20077,21145,21587,21658,22044,22079,22209,23416,24625,25437,27295,27573,28490,29461,29877
Epsom and Ewell,E07000208,15945,16744,17438,18368,18780,19289,19365,19869,20922,22463,23153,23229,22985,23265,23771,24863,25639,26099,28264,28510,28991,28971,29427
Mole Valley,E07000210,17208,18079,18413,19453,19524,20173,19811,20532,22219,23512,24623,25190,24756,24720,25205,26783,27617,28363,30576,30790,31264,32736,33329
Reigate and Banstead,E07000211,15072,15859,16429,17191,17391,17946,18159,18801,19985,21272,22130,22121,22238,22217,22335,23495,24457,24918,26656,26850,27212,28419,29069
Tandridge,E07000215,15594,16150,16671,17151,17395,18107,18447,18918,20030,21465,22296,22604,22446,22738,23062,24074,25077,25623,27537,27571,27913,29143,30333
Adur,E07000223,9579,10049,10478,11153,11887,12165,12348,12734,13527,14097,14674,14835,15563,15928,16401,17160,17835,18003,19306,19820,20403,21203,21618
Arun,E07000224,11281,11805,11979,12762,13495,13756,13969,14364,15080,15615,16392,16690,16979,17371,17705,18411,19154,19344,20642,20964,21385,22016,22471
Chichester,E07000225,13903,14378,14471,15766,16343,16715,16979,17815,18748,19433,20110,20498,20394,20677,21162,21929,22807,23396,24828,25067,25381,26563,26915
Worthing,E07000229,10380,10894,11213,11995,12662,13093,13318,13663,14309,14976,15547,15715,16289,16597,16948,17620,18349,18660,19944,20253,20880,21638,22224
Crawley,E07000226,11216,11273,11671,12122,12722,13081,13327,13701,14076,14516,14879,14896,15833,15898,16200,16766,17616,17595,18297,18948,19696,20501,21656
Horsham,E07000227,16720,16916,17094,18148,18419,18799,18846,19472,20303,20900,21646,22067,21697,21913,22437,23145,23990,24611,25698,25941,26043,27050,27522
Mid Sussex,E07000228,15885,15918,16143,17337,17850,18046,18303,18925,19652,20109,20845,20998,20852,20941,21288,21963,22802,23183,24252,24853,25141,26418,26947
Portsmouth,E06000044,9369,9396,9943,10798,10762,11224,11311,11347,11345,11546,12186,12550,13167,13119,13279,13368,13969,14248,15247,15556,15858,16509,17028
Southampton,E06000045,9613,9506,9665,10312,10625,11060,11183,11538,11676,12185,12916,13119,13465,13469,13661,13937,14339,14639,15178,15665,16185,16950,17529
Isle of Wight,E06000046,9834,10038,10312,10828,11594,11915,12017,12574,13149,13765,14397,14786,15525,15820,16071,16239,16625,16628,17214,17356,17657,18508,19211
Eastleigh,E07000086,11647,11831,12233,12862,13459,14077,14284,14892,15354,15702,16521,17035,17649,17614,17912,18827,19563,19846,20823,20852,21032,22018,22722
Fareham,E07000087,11885,12165,12683,13450,13930,14488,14676,15341,15926,16495,17411,17985,18337,18401,18786,19677,20321,20736,21643,21586,21759,22136,22669
Gosport,E07000088,8970,9089,9720,10282,10933,11470,11765,12220,12534,12881,13488,13828,14668,14738,15055,15821,16549,16665,17391,17337,17653,18251,18711
Havant,E07000090,10206,10384,10787,11416,12025,12602,12733,13348,13844,14361,15206,15638,16209,16326,16607,17381,18225,18640,19348,19378,19407,20093,20700
East Hampshire,E07000085,14209,14719,15429,16382,16874,17403,17627,18342,19144,19821,20838,21497,21900,21995,22158,23099,23724,24448,26109,26492,26894,27858,28337
New Forest,E07000091,12323,12538,12896,13860,14318,14676,14929,15612,16196,16851,17700,18393,18764,18762,19085,20068,20308,20827,22418,22575,23047,24279,24778
Test Valley,E07000093,13072,13210,13624,14639,15122,15588,15699,16356,16861,17588,18520,19071,19805,19838,20094,21162,21415,21742,23249,23369,23803,24992,25872
Winchester,E07000094,14799,15038,15612,16933,17612,17994,18005,19042,19740,20364,21507,22116,22253,22414,22697,23747,24284,24759,26331,26251,26969,27577,28611
Basingstoke and Deane,E07000084,14106,14350,14680,15528,15945,16278,16410,17104,17444,17884,18912,19294,19581,19493,19682,20536,21295,21659,23103,23138,23960,25102,25458
Hart,E07000089,16723,16940,17264,18471,18792,19113,19016,19742,20151,20593,21725,22434,22381,22422,22869,23894,24704,25449,27380,27274,27579,28656,29293
Rushmoor,E07000092,10872,10633,11132,11772,12147,12706,12928,13383,13659,14054,14697,15018,15925,16137,16359,17186,18065,18268,19501,19726,20618,21314,22215
Medway,E06000035,10827,10623,11080,11725,12160,12529,12660,13278,13696,14094,14801,15107,15625,15653,15907,16232,16500,16871,17813,18223,18503,19213,19814
Dartford,E07000107,11822,11895,12566,13400,13912,14480,14752,15058,15411,15877,16747,17096,17393,17544,17804,18415,18901,19325,20343,21079,21348,21837,22459
Gravesham,E07000109,10147,10252,10653,11262,11707,12268,12432,12936,13311,13725,14491,14847,15375,15529,15850,16304,16880,17282,18164,18864,19447,20308,20665
Swale,E07000113,10288,10404,10861,11485,11828,12273,12438,12975,13455,13855,14437,14719,15098,15209,15427,15822,16389,16786,17562,18057,18361,19191,19753
Canterbury,E07000106,9306,9596,10195,11053,11665,12194,12319,12796,13295,13643,14425,14857,15525,15841,16136,16655,17188,17532,18223,18495,18710,19210,19631
Dover,E07000108,9023,9254,9709,10359,10901,11361,11573,12165,12694,13204,13984,14366,15136,15328,15634,16262,16914,17383,18243,18599,18794,19487,19964
Folkestone and Hythe,E07000112,9760,10036,10510,11232,11716,12244,12465,12977,13526,13949,14685,15151,15773,15884,16153,16753,17374,17737,18680,19008,19382,19966,20461
Thanet,E07000114,8317,8461,8987,9615,10154,10609,10917,11413,11988,12534,13159,13573,14302,14512,14857,15379,15856,16201,16810,17269,17607,18219,18710
Ashford,E07000105,12731,12773,13084,13983,14320,14555,14588,15220,15636,16027,16724,17093,17358,17501,17576,18204,18861,19326,20028,20529,20710,21652,21967
Maidstone,E07000110,12591,12675,13243,14190,14689,14943,15160,15753,16266,16801,17507,17796,18132,18256,18432,19127,19833,20168,20830,21490,21794,22322,22888
Sevenoaks,E07000111,17139,17104,17338,18828,19303,19568,19750,20737,21365,22058,23272,24067,23906,23982,24388,25195,26084,27312,29208,29237,29492,31485,31654
Tonbridge and Malling,E07000115,14528,14327,14737,15712,16001,16382,16387,17020,17434,17949,18540,18848,19254,19399,19623,20345,21205,21792,23145,23374,23705,24691,25249
Tunbridge Wells,E07000116,15596,15504,16050,17016,17422,17752,17863,18739,19411,20050,20720,20898,21234,21288,21479,22253,23135,23894,25924,26027,26557,27286,28503
"Bristol, City of",E06000023,10365,10485,10952,11635,12106,12271,12479,12885,13091,13684,14331,14719,14643,15133,15508,15757,16295,16873,17812,18354,18751,19592,20249
Bath and North East Somerset,E06000022,12395,12806,13461,13876,13964,14016,14505,14797,15513,16458,17104,17780,17656,18092,18448,18947,19632,20223,21633,21753,21802,23129,23515
North Somerset,E06000024,12299,12617,13175,13535,13561,13663,14157,14600,15230,16017,16594,17341,17218,17412,17838,18364,19105,19719,21174,21179,21295,22636,22878
South Gloucestershire,E06000025,11692,12116,12701,12965,13140,13400,13749,14006,14532,15374,15924,16537,16595,16910,17309,17869,18543,19127,20570,20626,20814,21813,22900
Cheltenham,E07000078,11875,12009,12589,13349,13889,13969,14052,14747,15725,16490,16881,17539,17492,17973,18214,18821,19736,20711,21644,21845,22082,22682,23197
Cotswold,E07000079,15641,15835,16519,17620,17873,17767,17767,18673,19998,20711,21749,22516,22068,22627,22617,23439,24361,25617,27066,27253,26807,28566,29350
Forest of Dean,E07000080,9767,9721,10161,10612,10997,11091,11281,11737,12643,13336,13654,14239,14489,15043,15299,15673,16327,17005,17698,17755,17924,18898,19572
Gloucester,E07000081,9674,9759,10180,10577,11135,11252,11470,11894,12638,13375,13482,13831,14387,14680,14916,15307,16009,16715,17228,17373,17575,18385,18751
Stroud,E07000082,11985,12128,12629,13458,13930,14040,14119,14833,15854,16529,17234,17809,17679,18035,18296,18890,19681,20643,21564,21634,21786,23034,23588
Tewkesbury,E07000083,12132,12655,13061,13766,14223,14275,14280,15014,16032,16815,17507,18025,17974,18265,18533,19078,19784,20607,21482,21426,21287,21728,21669
Swindon,E06000030,11169,11558,12172,12899,13442,13829,13990,14197,14625,15125,15457,15727,16055,15956,16218,16603,17037,17651,18346,18770,19081,19974,20516
Wiltshire,E06000054,11838,11892,12380,13324,13750,14024,14402,14824,15425,16080,16672,17050,17025,17399,17858,18262,19090,19730,20646,20796,21331,22609,23179
Mendip,E07000187,11510,11925,12164,12548,13106,13278,13755,14353,14935,15748,16372,16928,16825,17449,17825,18093,18561,19319,20149,20298,20729,21652,22146
Sedgemoor,E07000188,10614,10832,11313,11650,12163,12337,12682,13309,13763,14491,14919,15468,15611,16138,16466,16777,17051,17496,18158,18270,18761,19632,20340
South Somerset,E07000189,11041,11340,11731,12250,12787,12822,13362,13928,14368,15191,15741,16340,16191,16782,17116,17360,17695,18442,19175,19212,19651,20682,20810
Somerset West and Taunton,E07000246,10718,11040,11361,11746,12181,12350,12765,13298,13875,14572,15120,15652,15746,16364,16657,17019,17407,18077,18747,18699,19084,19801,20250
"Bournemouth, Christchurch and Poole",E06000058,11576,11802,12364,13122,13512,13664,14008,14514,15114,15848,16542,16808,16381,16873,17179,17514,18191,18573,19678,19715,20033,21045,21652
Dorset,E06000059,11694,12105,12480,13090,13457,13759,14258,14586,15151,16142,16686,17208,17057,17710,18309,18787,19360,19985,20769,20895,21166,22175,22613
Cornwall,E06000052,9883,10066,10220,10783,11362,11847,12013,12438,12899,13499,14064,14467,14674,15178,15545,15927,16179,16550,17114,17522,18030,18529,18846
Isles of Scilly,E06000053,13842,14308,13833,14664,14385,14661,15599,14967,14982,17163,15752,15711,18165,17978,19224,19616,18984,18448,19394,20267,21818,24068,24825
Plymouth,E06000026,9241,9466,9760,10359,10589,10771,11118,11497,11731,12167,12692,13107,13370,14001,14230,14391,14761,15147,15614,15702,16261,16923,17343
Torbay,E06000027,9979,10042,10447,11261,11269,11464,11813,12233,12968,13492,13786,14477,14668,15049,15342,15720,16200,16729,17123,17443,17705,18342,18698
East Devon,E07000040,12067,12340,12531,12963,13362,13803,13953,14419,15139,15867,16550,17430,17553,17625,17882,18268,18749,19238,20099,20173,20389,21524,22078
Exeter,E07000041,9376,9370,9899,10150,10714,11238,11442,12009,12324,13109,13518,14111,14984,15066,15219,15721,16228,16388,17002,17174,17604,18358,19005
Mid Devon,E07000042,11398,11455,11907,12164,12641,13004,13084,13549,14116,14790,15260,15806,16360,16403,16603,17105,17818,18090,18997,19283,19688,20409,20811
North Devon,E07000043,10390,10531,11003,11287,11780,12100,12341,12759,13292,14009,14512,15098,15544,15740,15855,16537,17096,17536,18486,18652,18968,19925,20105
South Hams,E07000044,12806,13141,13205,13574,14321,14695,14982,15615,16575,17248,18058,19149,19013,19103,19246,19830,20348,20999,22259,22451,22620,23824,23927
Teignbridge,E07000045,10867,10995,11311,11601,12052,12512,12706,13153,13825,14597,15129,15765,16290,16471,16675,17270,17846,18206,18959,19244,19484,20499,21009
Torridge,E07000046,10360,10461,10831,10980,11366,11792,11975,12392,12889,13483,13957,14559,15261,15379,15435,15916,16366,16730,17461,17536,17828,18420,18974
West Devon,E07000047,12273,12339,12656,12895,13361,13741,13934,14527,15363,16157,16729,17222,17178,17288,17408,17994,18542,18967,20129,20207,20295,21187,21509
Isle of Anglesey,W06000001,9659,9940,10150,10667,10809,11089,11621,12318,12491,12570,13141,13950,14212,14509,14872,15358,15740,15983,16478,16476,16731,17392,17529
Gwynedd,W06000002,8901,8952,9437,9830,10385,10830,11053,11687,12110,12723,12938,13082,13306,13472,13628,13997,14247,14681,15158,15134,15298,15741,15941
Conwy,W06000003,10741,10812,11113,11687,12046,12468,12876,13284,13976,14006,14321,14933,14766,15063,15484,15994,16158,16533,16903,16826,17189,17904,18189
Denbighshire,W06000004,9943,9913,10107,10597,10966,11452,11733,12251,12861,13085,13369,14105,14050,14332,14869,15379,15479,15782,16304,16230,16528,17628,17901
Ceredigion,W06000008,8868,8955,8958,9120,9577,9994,10588,10875,11353,12271,12443,13119,13317,13664,14014,14286,14502,14913,15383,15551,15902,16612,17065
Pembrokeshire,W06000009,9614,9658,9993,10194,10565,11234,11689,12113,12677,13375,13623,14137,14163,14505,14765,15378,15533,15874,16236,16260,16418,17178,17207
Carmarthenshire,W06000010,8931,9071,9366,9470,9894,10299,10749,11093,11896,12490,12735,13426,13549,13859,14309,14908,15080,15404,15806,15849,16006,16728,16928
Rhondda Cynon Taf,W06000016,8103,7998,8398,9148,9753,10200,10438,10961,11360,11628,12075,12413,12436,12719,12930,13345,13604,13869,14372,14462,14948,15728,15945
Merthyr Tydfil,W06000024,8285,8093,8560,9398,10025,10432,10688,11287,11785,12019,12451,12806,12730,12966,13127,13580,13883,14137,14514,14535,15134,15366,15592
Caerphilly,W06000018,9407,9391,9875,10796,10936,11045,11545,11903,12010,12091,12593,12868,12666,12856,13180,13726,14042,14194,14723,14978,15187,15841,15992
Blaenau Gwent,W06000019,7562,7530,8094,8862,9054,9266,9626,10118,10323,10283,10692,11043,11135,11408,11637,12118,12375,12512,13058,13323,13595,14179,14630
Torfaen,W06000020,8848,8905,9491,10287,10533,10781,11337,11708,11796,11874,12404,12747,12680,13001,13301,13871,14158,14274,14838,15147,15393,16047,16505
Neath Port Talbot,W06000012,9548,9679,9867,10783,11047,10871,11274,11749,12084,12402,13082,13596,13415,13592,13665,14157,14560,14885,15342,15298,15728,16350,16442
Bridgend,W06000013,9998,10040,10383,11230,11446,11479,11842,12198,12374,12725,13055,13381,13494,13646,13722,14298,14730,15024,15430,15492,16021,16749,17047
Swansea,W06000011,9492,9601,10049,10494,11151,11476,11714,12072,12114,12489,12728,13772,13861,13600,13680,14162,14247,14986,15248,15009,15276,15997,16262
Monmouthshire,W06000021,11681,11760,12552,13919,14259,14945,15082,15059,15608,16079,17193,17718,16817,17228,17721,18198,18138,19095,19749,20004,20358,21378,21392
Newport,W06000022,8819,8692,9445,10253,10642,11100,11352,11674,12071,12516,13171,13653,13481,13699,14101,14689,14747,15291,15803,16087,16323,17417,17977
Vale of Glamorgan,W06000014,10910,11067,11633,12245,12391,12681,13317,13832,14066,14664,15173,15956,15855,16137,16433,16702,16894,17479,18323,18240,18844,19960,19987
Cardiff,W06000015,9673,9908,10457,11106,11498,12000,12379,12695,12839,13419,13652,14140,14225,14503,14752,15005,15102,15401,15945,15911,16519,17438,17431
Flintshire,W06000005,10131,10126,10591,11577,11781,12014,12488,13024,13298,13631,13987,14452,14380,14775,15359,15810,16235,16794,17606,17728,18154,18712,18722
Wrexham,W06000006,9350,9351,9793,10827,11002,11353,11786,12335,12617,12860,13163,13641,13505,13849,14351,14767,15116,15643,16394,16552,17006,17674,17785
Powys,W06000023,9252,9117,9765,10624,10934,11235,11732,12521,12976,13443,13729,14401,14448,15090,15269,15759,15923,16140,16563,16668,17448,18239,18287
Aberdeen City,S12000033,10206,10396,10420,11207,11824,12344,12682,13717,14731,15538,16513,17316,17748,18118,18992,19710,20832,21286,21291,20388,20444,21140,21349
Aberdeenshire,S12000034,11917,12084,11938,12817,13354,13785,13913,14751,15850,16513,17636,18568,18777,19255,20216,20922,22114,22558,22670,21432,21433,22116,22853
Highland,S12000017,9636,9816,10075,10620,11152,11665,11854,12239,12639,13693,14241,15732,15960,16316,16353,17077,17707,17892,18579,18749,18992,19494,20049
Moray,S12000020,7954,8088,8396,8754,9129,9438,9540,9822,10050,11069,12071,14235,14433,14838,14696,15499,15925,16244,16850,16977,17412,18662,19319
North Ayrshire,S12000021,8324,8409,8535,9286,9878,10433,10716,11347,11712,12095,12861,13158,13396,13989,14118,14404,15088,15440,15903,15875,16073,16651,17473
Argyll and Bute,S12000035,8493,8680,8923,9899,10323,10973,11192,11683,12451,13183,13930,14898,15373,15837,15828,16539,16573,16786,17625,18021,18281,19317,20314
Na h-Eileanan Siar,S12000013,8653,8889,8913,9361,9954,10531,10795,11194,11819,11511,12705,13279,13699,14226,14442,14660,14892,15407,16713,16601,16898,18031,19318
Orkney Islands,S12000023,7936,8601,9240,8936,9465,9788,9905,10961,11259,12263,13696,14633,15513,16214,17039,17608,17845,17836,17900,18093,18185,18956,19831
Shetland Islands,S12000027,9338,9151,9455,10677,10537,10638,11060,11898,12412,13310,13815,15149,16684,16878,16833,17415,18140,19272,20226,20333,20028,20207,20960
Angus,S12000041,10950,11059,11307,12286,12858,13383,13478,13826,13965,14312,15249,16209,15912,15910,16256,16716,17395,17990,18525,18607,18524,19339,19818
Dundee City,S12000042,8238,8435,8867,9497,10086,10606,10765,11224,11277,11753,12495,13351,13505,13392,13754,14080,14794,15077,15429,15510,15642,16126,16597
Clackmannanshire,S12000005,8850,9171,9542,10184,10571,11133,11492,12159,12430,12506,13459,13835,14196,14408,14625,15223,15895,16329,16882,17116,17466,18105,18560
Fife,S12000047,9134,9478,9813,10453,10803,11337,11687,12224,12535,12601,13610,14305,14498,14786,15025,15487,16097,16398,17103,17357,17690,18093,18518
East Lothian,S12000010,11031,11313,11802,12431,12589,12880,13805,14859,15550,15949,16702,17239,17144,17955,18353,18689,19527,20161,20798,20722,20932,21511,22494
Midlothian,S12000019,9020,9234,9828,10291,10538,10911,11943,12780,13421,13987,14544,15275,15703,16370,16739,17089,18106,18450,18876,18969,18970,19722,21094
City of Edinburgh,S12000036,12180,12592,13230,14053,14685,15304,15671,16198,16795,17641,18075,18458,18519,18701,19354,20096,20326,20605,21357,21684,22058,22933,23580
Falkirk,S12000014,8796,8978,9621,10060,10642,11061,11535,12020,12480,13144,13928,14463,14274,14218,14788,15443,15819,15894,16352,16803,17400,18304,18793
Perth and Kinross,S12000048,11154,11379,11410,12135,12832,12859,13397,14591,15014,16061,16607,16691,16712,16880,17821,18196,18689,18863,19487,19603,19922,20709,21504
Stirling,S12000030,11591,11785,11745,12401,13107,13032,13613,15011,15328,16266,16989,17407,17402,17530,18425,18897,19251,19510,19950,20052,20315,20845,21345
West Lothian,S12000040,8491,8811,9477,10492,11033,11592,12078,12395,12592,13259,14527,14504,14201,14576,14851,15288,15807,16331,16816,17158,17621,18242,18694
West Dunbartonshire,S12000039,7217,7484,8625,9222,9573,9940,10270,10555,10907,11535,11822,12490,13085,13585,13854,14407,14673,14776,15426,15613,16393,17146,17937
East Dunbartonshire,S12000045,11309,11609,12804,13946,14261,14920,15100,15635,16474,17183,17946,18815,18673,18909,19352,19784,20112,20409,21473,21858,22469,23400,24004
Glasgow City,S12000049,9050,9229,9718,10432,10826,11305,11721,12028,12244,12782,13557,13811,13977,13956,14098,14484,14689,15113,15542,15781,15865,16150,16345
East Renfrewshire,S12000011,13978,14124,14463,15462,15927,16111,16285,16980,17604,18173,18947,19888,19538,19506,19532,20076,20918,21334,22415,22359,22419,23168,23685
Renfrewshire,S12000038,9672,9847,10355,11146,11862,11993,12275,12510,13032,13621,14205,14877,15197,15197,15356,15788,16418,16698,17631,17645,17929,18601,19259
Inverclyde,S12000018,8557,8737,9160,9879,10487,10661,10939,11292,11769,12258,12794,13471,13749,14000,14194,14686,15176,15502,16468,16458,16711,17412,17982
North Lanarkshire,S12000050,8804,8990,9341,10025,10430,10822,11103,11486,11963,12146,12964,13521,13570,13747,14006,14370,14841,15515,15926,16280,16436,16967,17391
Scottish Borders,S12000026,9588,9961,10179,10954,11320,11776,12657,13382,13923,14525,15146,15793,16036,16522,16831,16814,17525,18395,18872,19156,19365,19671,20421
Dumfries and Galloway,S12000006,9368,9570,9752,10269,10534,11017,11409,11991,12146,12783,13590,14388,14881,15145,15326,15859,16257,16615,17284,17675,17748,18135,18806
East Ayrshire,S12000008,8576,8644,8825,9601,10216,10807,11143,11765,12190,12623,13418,13615,13749,14305,14498,14769,15457,15729,16205,16335,16530,17215,17306
South Ayrshire,S12000028,9609,9787,10212,10774,11403,11881,12561,13259,13600,14343,14715,15423,15668,16212,16637,17240,17709,17979,18373,18464,18474,18995,19428
South Lanarkshire,S12000029,9724,10011,10408,11080,11276,12042,12124,12787,13446,13716,14480,14966,15033,15457,15807,16225,16509,16711,17501,17587,18034,18852,19360
Belfast,N09000003,9872,9956,10280,10871,11085,11563,11636,11979,12255,12723,12860,13467,13730,13879,14085,14356,14897,15054,15383,15457,15717,16459,16974
"Armagh City, Banbridge and Craigavon",N09000002,8569,8616,8953,9262,9515,10098,10555,11277,11891,12606,13044,13197,13184,13505,13811,13824,14539,15293,15757,15569,15810,16320,16649
"Newry, Mourne and Down",N09000010,8412,8490,8811,9286,9423,9967,10523,11143,11976,12607,12817,12974,12998,13178,13662,13783,14269,14649,14777,15160,15556,16250,16728
Ards and North Down,N09000011,9526,9540,9888,10526,10765,11410,11774,12252,12843,13388,13871,14299,14406,14639,15053,15394,16055,16294,16766,17251,17882,18464,18925
Derry City and Strabane,N09000005,7016,7015,7373,7747,8114,8881,9468,10173,11089,11565,11704,11711,11907,12323,12709,13007,13443,13850,14001,14265,14553,14936,15331
Mid Ulster,N09000009,7711,7754,8138,8594,8728,9177,9943,10771,11473,12001,12203,12122,12111,12345,12784,12894,13382,14050,14664,15204,16084,16719,17164
Causeway Coast and Glens,N09000004,7059,7024,7377,7844,8339,9106,9602,10195,11148,11657,11733,11644,12005,12444,13060,13253,13704,14181,15329,15884,16352,16819,17219
Antrim and Newtownabbey,N09000001,9320,9314,9684,10474,10625,11231,11629,12196,12676,13140,13721,14096,14156,14262,14731,15128,15709,16197,16514,16367,16807,17303,17723
Lisburn and Castlereagh,N09000007,9394,9370,9782,10691,10920,11505,11978,12523,13098,13481,14057,14411,14464,14629,14912,15455,16178,16581,17878,18300,18610,19401,19774
Mid and East Antrim,N09000008,9241,9279,9598,10326,10304,10921,11392,11987,12527,13128,13613,13976,14078,14253,14610,15025,15607,16248,16929,17049,17291,17950,18496
Fermanagh and Omagh,N09000006,7640,7689,8089,8412,8659,9111,9911,10744,11540,12116,12281,12270,12311,12545,12937,13135,13385,13703,14633,15054,15433,15880,16403
